,score,largest_property_use_type_gross_floor_area_ft,year_built,number_of_buildings,occupancy,site_eui_kbtu_ft,weather_normalized_site_electricity_intensity_kwh_ft,green_power_offsite_kwh,egrid_output_emissions_rate_kgco2e_mbtu,percent_of_electricity_that_is_green_power,multifamily_housing_total_number_of_residential_living_units_density_number_per_1_000_sq_ft,multifamily_housing_number_of_residential_living_units_in_a_high_rise_building_density_number_per_1_000_sq_ft,multifamily_housing_number_of_residential_living_units_in_a_mid_rise_building_5_9_stories,multifamily_housing_number_of_residential_living_units_in_a_mid_rise_building_density_number_per_1_000_sq_ft,multifamily_housing_percent_that_can_be_cooled,multifamily_housing_percent_that_can_be_heated,water_use_all_water_sources_kgal,number_of_active_energy_meters_total,number_of_active_energy_meters_not_used_to_compute_metrics,number_of_active_it_meters,community_board,census_tract,longitude,latitude
135,83.0,92400.0,1930,1,100,69.6,4.1,0.0,79.5,0.0,1.4011852640000002,0.0,0.0,0.0,99.802,100.0,820.0097860923083,3.0,0,0,307.0,149.0,-73.986534,40.661061
136,76.0,72000.0,1914,1,100,57.0,4.4,0.0,79.5,0.0,1.4011852640000002,0.0,0.0,0.0,99.802,100.0,110.6,3.0,0,0,312.0,244.0,-73.987396,40.621871
137,78.0,100800.0,1955,1,100,62.5,5.5,0.0,79.5,0.0,1.4011852640000002,0.0,0.0,0.0,99.802,100.0,820.0097860923083,2.0,0,0,302.0,231.0,-73.960659,40.68505
138,79.0,138125.0,1939,1,100,75.7,3.7,0.0,79.5,0.0,1.4011852640000002,0.0,0.0,0.0,99.802,100.0,317.2,3.0,0,0,302.0,2901.0,-73.978215,40.695633
139,89.0,202800.0,1959,1,100,57.6,4.1,0.0,79.5,0.0,1.4011852640000002,0.0,0.0,0.0,99.802,100.0,820.0097860923083,3.0,0,0,301.0,529.0,-73.953146,40.703624
140,67.0,116400.0,1904,1,100,69.7,4.7,0.0,79.5,0.0,1.4011852640000002,0.0,0.0,0.0,99.802,100.0,427.1,3.0,0,0,310.0,160.0,-74.028842,40.618415
141,77.0,114000.0,1907,1,100,52.4,4.8,0.0,79.5,0.0,1.4011852640000002,0.0,0.0,0.0,99.802,100.0,1081.2,3.0,0,0,316.0,908.0,-73.904726,40.66896
142,47.0,184800.0,1907,1,100,76.3,6.7,0.0,79.5,0.0,1.4011852640000002,0.0,0.0,0.0,99.802,100.0,159.3,3.0,0,0,314.0,772.0,-73.954724,40.632562
151,60.0,122583.0,1930,1,100,68.6,8.1,0.0,79.5,0.0,1.4011852640000002,0.0,0.0,0.0,99.802,100.0,654.6,3.0,0,0,310.0,134.0,-74.01913,40.630843
152,55.0,103200.0,1911,1,100,69.0,5.5,0.0,79.5,0.0,1.4011852640000002,0.0,0.0,0.0,99.802,100.0,1570.2,3.0,0,0,305.0,1184.0,-73.869625,40.68618
153,85.0,96000.0,1950,1,100,49.7,2.7,0.0,79.5,0.0,1.4011852640000002,0.0,0.0,0.0,99.802,100.0,617.1,3.0,0,0,305.0,1130.0,-73.897723,40.665798
154,88.0,110400.0,1930,1,100,53.2,3.1,0.0,79.5,0.0,1.4011852640000002,0.0,0.0,0.0,99.802,100.0,1.1,3.0,0,0,310.0,196.0,-74.005378,40.624611
155,47.0,153600.0,1921,1,100,71.6,7.3,0.0,79.5,0.0,1.4011852640000002,0.0,0.0,0.0,99.802,100.0,1306.1,3.0,0,0,317.0,856.0,-73.946374,40.648215
156,61.0,96000.0,1923,1,100,62.5,6.6,0.0,79.5,0.0,1.4011852640000002,0.0,0.0,0.0,99.802,100.0,928.3,3.0,0,0,313.0,328.0,-74.000194,40.578207724799995
157,49.0,86400.0,1925,1,100,96.2,3.1,0.0,79.5,0.0,1.4011852640000002,0.0,0.0,0.0,99.802,100.0,97.2,3.0,0,0,308.0,359.0,-73.924329,40.672005
158,62.0,136800.0,1959,1,100,76.8,2.6,0.0,79.5,0.0,1.4011852640000002,0.0,0.0,0.0,99.802,100.0,202.1,3.0,0,0,305.0,1116.0,-73.876563,40.666417
159,93.0,84000.0,1930,1,100,44.8,2.6,0.0,79.5,0.0,1.4011852640000002,0.0,0.0,0.0,99.802,100.0,820.0097860923083,3.0,0,0,318.0,652.0,-73.930129,40.613353
160,92.0,96000.0,1925,1,100,43.1,2.8,0.0,79.5,0.0,1.4011852640000002,0.0,0.0,0.0,99.802,100.0,323.9,3.0,0,0,313.0,314.0,-73.985948,40.587616
161,95.0,145200.0,1925,1,100,47.3,3.2,0.0,79.5,0.0,1.4011852640000002,0.0,0.0,0.0,99.802,100.0,172.1,3.0,0,0,312.0,230.0,-73.981528,40.634875
162,83.0,105600.0,1931,1,100,56.7,4.1,0.0,79.5,0.0,1.4011852640000002,0.0,0.0,0.0,99.802,100.0,820.0097860923083,3.0,0,0,315.0,420.0,-73.965058,40.608862
163,91.0,102000.0,1964,1,100,46.4,2.6,0.0,79.5,0.0,1.4011852640000002,0.0,0.0,0.0,99.802,100.0,820.0097860923083,3.0,0,0,301.0,505.0,-73.945475,40.707104
164,92.0,106800.0,1931,1,100,42.8,4.1,0.0,79.5,0.0,1.4011852640000002,0.0,0.0,0.0,99.802,100.0,133.7,3.0,0,0,301.0,491.0,-73.941801,40.702392
165,95.0,166800.0,1957,1,100,41.7,3.3,0.0,79.5,0.0,1.4011852640000002,0.0,0.0,0.0,99.802,100.0,820.0097860923083,3.0,0,0,302.0,211.0,-73.97578,40.696324
166,97.0,190800.0,1930,1,100,39.5,2.8,0.0,79.5,0.0,1.4011852640000002,0.0,0.0,0.0,99.802,100.0,820.0097860923083,3.0,0,0,316.0,922.0,-73.907245,40.656068
167,91.0,104400.0,1931,1,100,38.6,4.2,0.0,79.5,0.0,1.4011852640000002,0.0,0.0,0.0,99.802,100.0,7.4,3.0,0,0,306.0,131.0,-73.977367,40.67634
168,67.0,75600.0,1978,1,100,56.5,5.8,0.0,79.5,0.0,1.4011852640000002,0.0,0.0,0.0,99.802,100.0,820.0097860923083,3.0,0,0,305.0,1198.0,-73.889758,40.67789
169,96.0,154800.0,1929,1,100,53.2,3.8,0.0,79.5,0.0,1.4011852640000002,0.0,0.0,0.0,99.802,100.0,0.4,3.0,0,0,302.0,39.0,-73.98027,40.683559
170,93.0,211200.0,1976,1,100,39.8,3.5,0.0,79.5,0.0,1.4011852640000002,0.0,0.0,0.0,99.802,100.0,1766.8,2.0,0,0,304.0,431.0,-73.919777,40.697781
171,91.0,303600.0,1925,1,100,51.7,5.0,0.0,79.5,0.0,1.4011852640000002,0.0,0.0,0.0,99.802,100.0,777.1,4.0,0,0,315.0,642.0,-73.948512,40.609912
172,81.0,286800.0,1931,1,100,70.0,5.2,0.0,79.5,0.0,1.4011852640000002,0.0,0.0,0.0,99.802,100.0,754.7,3.0,0,0,311.0,182.0,-74.003404,40.613262
173,87.0,296400.0,1929,1,100,52.8,3.2,0.0,79.5,0.0,1.4011852640000002,0.0,0.0,0.0,99.802,100.0,0.7,3.0,0,0,317.0,936.0,-73.922171,40.648657
235,46.0,34800.0,1915,1,100,73.8,8.1,0.0,79.5,0.0,1.4011852640000002,0.0,0.0,0.0,99.802,100.0,447.0,3.0,0,0,301.0,503.0,-73.946977,40.710609
236,71.0,93600.0,1931,1,100,78.5,3.4,0.0,79.5,0.0,1.4011852640000002,0.0,0.0,0.0,99.802,100.0,640.7,3.0,0,0,306.0,45.0,-73.99806,40.686951
237,93.0,135600.0,1949,1,100,58.2,2.6,0.0,79.5,0.0,1.4011852640000002,0.0,0.0,0.0,99.802,100.0,0.0,3.0,0,0,303.0,273.0,-73.935963,40.681896
238,94.0,27600.0,1898,1,100,50.5,4.2,0.0,79.5,0.0,1.4011852640000002,0.0,0.0,0.0,99.802,100.0,477.1,2.0,0,0,305.0,96081.99679999948,-73.87691,40.683536
239,71.0,88800.0,1964,1,100,54.3,3.0,0.0,79.5,0.0,1.4011852640000002,0.0,0.0,0.0,99.802,100.0,820.0097860923083,3.0,0,0,313.0,350.0,-73.979628,40.578255
240,82.0,114000.0,1908,1,100,55.4,4.6,0.0,79.5,0.0,1.4011852640000002,0.0,0.0,0.0,99.802,100.0,64.3,3.0,0,0,307.0,98.0,-74.008252,40.64366
241,91.0,116400.0,1931,1,100,54.4,3.2,0.0,79.5,0.0,1.4011852640000002,0.0,0.0,0.0,99.802,100.0,586.9,3.0,0,0,310.0,68.0,-74.02897888640001,40.63402
242,85.0,80400.0,1900,1,100,38.7,2.9,0.0,79.5,0.0,1.4011852640000002,0.0,0.0,0.0,99.802,100.0,1068.0,3.0,0,0,301.0,591.0,-73.942312,40.7152691568
243,92.0,60000.0,1931,1,100,46.6,3.6,0.0,79.5,0.0,1.4011852640000002,0.0,0.0,0.0,99.802,100.0,820.0097860923083,3.0,0,0,304.0,433.0,-73.916521,40.697779
244,59.0,39600.0,1900,1,100,58.6,7.2,0.0,79.5,0.0,1.4011852640000002,0.0,0.0,0.0,99.802,100.0,819.3,3.0,0,0,306.0,141.0,-73.991046,40.667545
245,92.0,57180.0,1933,1,100,43.4,3.9,0.0,79.5,0.0,1.4011852640000002,0.0,0.0,0.0,99.802,100.0,86.8,3.0,0,0,314.0,480.0,-73.973898,40.63228
257,87.0,91200.0,1935,1,100,57.1,4.2,0.0,79.5,0.0,1.4011852640000002,0.0,0.0,0.0,99.802,100.0,42.7,3.0,0,0,312.0,476.0,-73.979995,40.629303
258,74.0,82800.0,1931,1,100,60.8,3.8,0.0,79.5,0.0,1.4011852640000002,0.0,0.0,0.0,99.802,100.0,2998.3,3.0,0,0,314.0,768.0,-73.963476,40.616632
259,93.0,104400.0,1971,1,100,44.8,2.5,0.0,79.5,0.0,1.4011852640000002,0.0,0.0,0.0,99.802,100.0,365.9,3.0,0,0,305.0,1202.0,-73.869147952,40.676513
260,67.0,96000.0,1939,1,100,66.6,3.4,0.0,79.5,0.0,1.4011852640000002,0.0,0.0,0.0,99.802,100.0,60.7,3.0,0,0,309.0,355.0,-73.936049,40.663701
261,79.0,186000.0,1936,1,100,65.8,2.6,0.0,79.5,0.0,1.4011852640000002,0.0,0.0,0.0,99.802,100.0,472.8,3.0,0,0,313.0,330.0,-73.99203,40.578207724799995
262,93.0,109200.0,1957,1,100,43.4,4.4,0.0,79.5,0.0,1.4011852640000002,0.0,0.0,0.0,99.802,100.0,397.2,3.0,0,0,302.0,43.0,-73.988288,40.687466
263,85.0,123600.0,1960,1,100,45.3,3.0,0.0,79.5,0.0,1.4011852640000002,0.0,0.0,0.0,99.802,100.0,707.4,3.0,0,0,304.0,393.0,-73.927931,40.694921
264,56.0,62400.0,1967,1,100,73.0,4.7,0.0,79.5,0.0,1.4011852640000002,0.0,0.0,0.0,99.802,100.0,820.0097860923083,3.0,0,0,318.0,666.0,-73.928793,40.596145
265,98.0,183600.0,1967,1,100,39.8,3.0,0.0,79.5,0.0,1.4011852640000002,0.0,0.0,0.0,99.802,100.0,215.5,3.0,0,0,311.0,304.0,-73.993457,40.595341
266,95.0,136800.0,1973,1,100,40.0,3.5,0.0,79.5,0.0,1.4011852640000002,0.0,0.0,0.0,99.802,100.0,46.4,3.0,0,0,313.0,342.0,-73.996292,40.578207724799995
267,91.0,147600.0,1973,1,100,44.1,4.0,0.0,79.5,0.0,1.4011852640000002,0.0,0.0,0.0,99.802,100.0,820.0097860923083,3.0,0,0,304.0,409.0,-73.904803,40.690353
268,83.0,177600.0,1920,1,100,57.5,2.9,0.0,79.5,0.0,1.4011852640000002,0.0,0.0,0.0,99.802,100.0,0.0,3.0,0,0,308.0,31701.0,-73.951443,40.67438
269,81.0,212400.0,1940,1,100,64.0,4.0,0.0,79.5,0.0,1.4011852640000002,0.0,0.0,0.0,99.802,100.0,820.0097860923083,3.0,0,0,305.0,1196.0,-73.87596,40.678276
270,92.0,207775.0,1920,1,100,40.1,4.8,0.0,79.5,0.0,1.4011852640000002,0.0,0.0,0.0,99.802,100.0,636.1,3.0,0,0,302.0,15.0,-73.985016,40.697339
271,92.0,460800.0,1981,1,100,47.7,3.5,0.0,79.5,0.0,1.4011852640000002,0.0,0.0,0.0,99.802,100.0,820.0097860923083,3.0,0,0,301.0,485.0,-73.939722,40.712184
272,84.0,74830.0,1931,1,100,47.2,7.1,0.0,79.5,0.0,1.4011852640000002,0.0,0.0,0.0,99.802,100.0,234.1,2.0,0,0,304.0,393.0,-73.929107,40.694507
273,60.0,127200.0,2002,1,100,62.0,8.9,0.0,79.5,0.0,1.4011852640000002,0.0,0.0,0.0,99.802,100.0,1807.4,3.0,0,0,318.0,970.0,-73.907774,40.64883
329,71.0,72000.0,1929,1,100,51.2,6.1,0.0,79.5,0.0,1.4011852640000002,0.0,0.0,0.0,99.802,100.0,763.3,2.0,0,0,302.0,11.0,-73.993241,40.70071
330,63.0,91200.0,1919,1,100,69.4,5.0,0.0,79.5,0.0,1.4011852640000002,0.0,0.0,0.0,99.802,100.0,216.1,3.0,0,0,301.0,519.0,-73.956716,40.7152691568
331,80.0,138000.0,1920,1,100,59.1,4.4,0.0,79.5,0.0,1.4011852640000002,0.0,0.0,0.0,99.802,100.0,333.5,3.0,0,0,301.0,523.0,-73.960275,40.711704
332,98.0,196800.0,1965,1,100,38.7,3.3,0.0,79.5,0.0,1.4011852640000002,0.0,0.0,0.0,99.802,100.0,227.4,3.0,0,0,316.0,36501.0,-73.913273,40.674103
333,77.0,115200.0,1959,1,100,61.4,2.7,0.0,79.5,0.0,1.4011852640000002,0.0,0.0,0.0,99.802,100.0,820.0097860923083,3.0,0,0,303.0,28502.0,-73.943652,40.696733
334,68.0,92400.0,1907,1,100,72.3,1.9,0.0,79.5,0.0,1.4011852640000002,0.0,0.0,0.0,99.802,100.0,2933.2,3.0,0,0,303.0,247.0,-73.94684,40.679097
335,55.0,52800.0,1931,1,100,71.3,9.4,0.0,79.5,0.0,1.4011852640000002,0.0,0.0,0.0,99.802,100.0,820.0097860923083,3.0,0,0,313.0,35602.0,-73.969517,40.578207724799995
336,27.0,25715.0,1937,1,100,88.4,9.0,0.0,79.5,0.0,1.4011852640000002,0.0,0.0,0.0,99.802,100.0,8290.9,3.0,0,0,308.0,163.0,-73.97038,40.676094
337,77.0,205200.0,1974,1,100,49.6,6.1,0.0,79.5,0.0,1.4011852640000002,0.0,0.0,0.0,99.802,100.0,307.1,4.0,0,0,303.0,293.0,-73.932275,40.68832
338,87.0,55200.0,1900,1,100,57.9,3.2,0.0,79.5,0.0,1.4011852640000002,0.0,0.0,0.0,99.802,100.0,820.0097860923083,3.0,0,0,316.0,373.0,-73.917088,40.682458
339,75.0,66000.0,1908,1,100,51.3,3.9,0.0,79.5,0.0,1.4011852640000002,0.0,0.0,0.0,99.802,100.0,0.0,3.0,0,0,305.0,1200.0,-73.869469,40.675766
340,57.0,88800.0,1931,1,100,58.0,3.9,0.0,79.5,0.0,1.4011852640000002,0.0,0.0,0.0,99.802,100.0,820.0097860923083,3.0,0,0,304.0,445.0,-73.919805,40.707229
346,67.0,90000.0,1907,1,100,67.4,2.9,0.0,79.5,0.0,1.4011852640000002,0.0,0.0,0.0,99.802,100.0,820.0097860923083,3.0,0,0,308.0,353.0,-73.934635,40.669001
347,77.0,92400.0,1936,1,100,62.9,4.2,0.0,79.5,0.0,1.4011852640000002,0.0,0.0,0.0,99.802,100.0,1978.2,3.0,0,0,311.0,274.0,-73.994677,40.611483
348,72.0,112800.0,1930,1,100,67.1,4.4,0.0,79.5,0.0,1.4011852640000002,0.0,0.0,0.0,99.802,100.0,120.3,3.0,0,0,318.0,646.0,-73.938871,40.613317
349,75.0,146400.0,1929,1,100,56.9,3.7,0.0,79.5,0.0,1.4011852640000002,0.0,0.0,0.0,99.802,100.0,281.5,3.0,0,0,311.0,250.0,-73.995022,40.62191
350,84.0,110400.0,1961,1,100,54.7,4.2,0.0,79.5,0.0,1.4011852640000002,0.0,0.0,0.0,99.802,100.0,820.0097860923083,3.0,0,0,308.0,309.0,-73.935688,40.676094
351,98.0,105600.0,1964,1,100,30.2,3.4,0.0,79.5,0.0,1.4011852640000002,0.0,0.0,0.0,99.802,100.0,1295.3,3.0,0,0,318.0,996.0,-73.907925,40.634085
352,82.0,144000.0,1931,1,100,50.0,3.2,0.0,79.5,0.0,1.4011852640000002,0.0,0.0,0.0,99.802,100.0,820.0097860923083,2.0,0,0,317.0,936.0,-73.921006,40.646877
353,85.0,106800.0,1952,1,100,47.9,3.5,0.0,79.5,0.0,1.4011852640000002,0.0,0.0,0.0,99.802,100.0,820.0097860923083,3.0,0,0,302.0,23.0,-73.98054,40.697901
354,78.0,195600.0,1966,1,100,72.2,4.2,0.0,79.5,0.0,1.4011852640000002,0.0,0.0,0.0,99.802,100.0,3218.9,3.0,0,0,305.0,1144.0,-73.892844,40.671544
355,93.0,141600.0,1972,1,100,43.4,3.8,0.0,79.5,0.0,1.4011852640000002,0.0,0.0,0.0,99.802,100.0,820.0097860923083,3.0,0,0,303.0,293.0,-73.935499,40.688695
356,88.0,114000.0,1967,1,100,63.9,2.9,0.0,79.5,0.0,1.4011852640000002,0.0,0.0,0.0,99.802,100.0,1361.9,3.0,0,0,316.0,908.0,-73.906552,40.672462
357,83.0,147600.0,1974,1,100,49.8,4.2,0.0,79.5,0.0,1.4011852640000002,0.0,0.0,0.0,99.802,100.0,0.6,3.0,0,0,305.0,96081.99679999948,-73.881114,40.64726
358,90.0,126000.0,1974,1,100,37.4,3.5,0.0,79.5,0.0,1.4011852640000002,0.0,0.0,0.0,99.802,100.0,871.2,2.0,0,0,304.0,415.0,-73.915263,40.694018
359,97.0,196800.0,1975,1,100,33.2,4.0,0.0,79.5,0.0,1.4011852640000002,0.0,0.0,0.0,99.802,100.0,820.0097860923083,3.0,0,0,309.0,876.0,-73.936382,40.662447
360,82.0,213600.0,1911,1,100,58.7,5.2,0.0,79.5,0.0,1.4011852640000002,0.0,0.0,0.0,99.802,100.0,820.0097860923083,3.0,0,0,303.0,249.0,-73.947152,40.685004
361,75.0,460800.0,1974,1,100,53.8,5.1,0.0,79.5,0.0,1.4011852640000002,0.0,0.0,0.0,99.802,100.0,1389.1,4.0,0,0,303.0,271.0,-73.932407,40.67944
362,84.0,460800.0,1932,1,100,53.0,3.7,0.0,79.5,0.0,1.4011852640000002,0.0,0.0,0.0,99.802,100.0,9868.64512000004,3.0,0,0,302.0,33.0,-73.976905,40.688834
363,82.0,86575.0,1931,1,100,66.9,3.1,0.0,79.5,0.0,1.4011852640000002,0.0,0.0,0.0,99.802,100.0,484.4,3.0,0,0,303.0,249.0,-73.949737,40.681233
364,27.0,38400.0,1981,1,100,94.8,13.3,0.0,79.5,0.0,1.4011852640000002,0.0,0.0,0.0,99.802,100.0,820.0097860923083,3.0,0,0,317.0,824.0,-73.951891,40.648044
365,98.0,141600.0,1975,1,100,38.4,2.7,0.0,79.5,0.0,1.4011852640000002,0.0,0.0,0.0,99.802,100.0,820.0097860923083,4.0,0,0,301.0,531.0,-73.952985,40.702427
366,65.0,90100.0,1994,1,100,50.9,8.4,0.0,79.5,0.0,1.4011852640000002,0.0,0.0,0.0,99.802,100.0,820.0097860923083,3.0,0,0,304.0,431.0,-73.920711,40.698021
420,99.0,160800.0,1966,1,100,34.0,2.6,0.0,79.5,0.0,1.4011852640000002,0.0,0.0,0.0,99.802,100.0,820.0097860923083,2.0,0,0,301.0,499.0,-73.948625,40.7152691568
421,89.0,120000.0,1964,1,100,45.1,4.1,0.0,79.5,0.0,1.4011852640000002,0.0,0.0,0.0,99.802,100.0,607.1,2.0,0,0,307.0,80.0,-74.012289,40.649042
422,74.0,108000.0,1965,1,100,72.8,4.2,0.0,79.5,0.0,1.4011852640000002,0.0,0.0,0.0,99.802,100.0,3.0,3.0,0,0,303.0,377.0,-73.922463,40.685695
423,60.0,115193.0,1950,1,100,64.2,7.9,0.0,79.5,0.0,1.4011852640000002,0.0,0.0,0.0,99.802,100.0,820.0097860923083,4.0,0,0,306.0,75.0,-73.991949,40.680445
424,96.0,159600.0,1956,1,100,40.5,3.0,0.0,79.5,0.0,1.4011852640000002,0.0,0.0,0.0,99.802,100.0,144.7,3.0,0,0,312.0,490.0,-73.971651,40.638686
425,90.0,187200.0,1963,1,100,44.0,2.5,0.0,79.5,0.0,1.4011852640000002,0.0,0.0,0.0,99.802,100.0,1351.4,3.0,0,0,318.0,69602.0,-73.91287,40.621224
426,90.0,61200.0,1971,1,100,52.0,4.6,0.0,79.5,0.0,1.4011852640000002,0.0,0.0,0.0,99.802,100.0,820.0097860923083,3.0,0,0,302.0,179.0,-73.968769,40.682533
427,90.0,106800.0,1914,1,100,55.1,3.8,0.0,79.5,0.0,1.4011852640000002,0.0,0.0,0.0,99.802,100.0,820.0097860923083,3.0,0,0,315.0,398.0,-73.97518,40.595698
428,83.0,130800.0,1930,1,100,63.9,3.8,0.0,79.5,0.0,1.4011852640000002,0.0,0.0,0.0,99.802,100.0,437.3,3.0,0,0,312.0,214.0,-74.00374,40.632936
429,93.0,99600.0,1898,1,100,46.9,2.7,0.0,79.5,0.0,1.4011852640000002,0.0,0.0,0.0,99.802,100.0,582.9,3.0,0,0,304.0,435.0,-73.913056,40.693879
430,100.0,48060.0,1931,1,100,34.8,1.54862,0.0,79.5,0.0,1.4011852640000002,0.0,0.0,0.0,99.802,100.0,820.0097860923083,2.0,0,0,306.0,167.0,-73.981289,40.663251
431,92.0,132000.0,1909,2,100,52.7,3.7,0.0,79.5,0.0,1.4011852640000002,0.0,0.0,0.0,99.802,100.0,820.0097860923083,3.0,0,0,311.0,288.0,-73.995545,40.604871
432,75.0,60000.0,1930,1,100,64.2,6.8,0.0,79.5,0.0,1.4011852640000002,0.0,0.0,0.0,99.802,100.0,820.0097860923083,3.0,0,0,307.0,500.0,-73.975607,40.648884
433,27.0,69600.0,1931,1,100,99.1,4.7,0.0,79.5,0.0,1.4011852640000002,0.0,0.0,0.0,99.802,100.0,10.1,3.0,0,0,317.0,870.0,-73.933114,40.65364
434,81.0,74400.0,1930,1,100,58.7,3.1,0.0,79.5,0.0,1.4011852640000002,0.0,0.0,0.0,99.802,100.0,1302.7,3.0,0,0,316.0,896.0,-73.911053,40.65744
440,95.0,171600.0,1930,1,100,46.7,3.6,0.0,79.5,0.0,1.4011852640000002,0.0,0.0,0.0,99.802,100.0,415.6,3.0,0,0,305.0,1104.0,-73.885387,40.66011
441,85.0,123600.0,1915,1,100,61.1,4.7,0.0,79.5,0.0,1.4011852640000002,0.0,0.0,0.0,99.802,100.0,390.5,3.0,0,0,307.0,92.0,-74.001903,40.64629
442,86.0,145200.0,1924,1,100,57.7,3.0,0.0,79.5,0.0,1.4011852640000002,0.0,0.0,0.0,99.802,100.0,201.3,3.0,0,0,312.0,470.0,-73.989672,40.627029
443,93.0,48360.0,1973,1,100,44.2,5.8,0.0,79.5,0.0,1.4011852640000002,0.0,0.0,0.0,99.802,100.0,820.0097860923083,2.0,0,0,305.0,1104.0,-73.887023,40.660134
444,84.0,112800.0,1931,1,100,44.7,3.8,0.0,79.5,0.0,1.4011852640000002,0.0,0.0,0.0,99.802,100.0,232.0,3.0,0,0,312.0,446.0,-73.97635,40.615252
445,78.0,147680.0,1938,1,100,54.9,4.3,0.0,79.5,0.0,1.4011852640000002,0.0,0.0,0.0,99.802,100.0,525.8,3.0,0,0,315.0,558.0,-73.955485,40.60422
446,85.0,106800.0,1959,1,100,51.1,2.9,0.0,79.5,0.0,1.4011852640000002,0.0,0.0,0.0,99.802,100.0,820.0097860923083,3.0,0,0,303.0,253.0,-73.950433,40.690725
447,82.0,97200.0,1952,1,100,56.3,4.0,0.0,79.5,0.0,1.4011852640000002,0.0,0.0,0.0,99.802,100.0,446.9,3.0,0,0,317.0,788.0,-73.948159,40.637711
448,78.0,86400.0,1986,1,100,60.2,2.7,0.0,79.5,0.0,1.4011852640000002,0.0,0.0,0.0,99.802,100.0,820.0097860923083,3.0,0,0,302.0,193.0,-73.961478,40.690202
449,96.0,160800.0,1960,1,100,39.7,2.6,0.0,79.5,0.0,1.4011852640000002,0.0,0.0,0.0,99.802,100.0,319.1,4.0,0,0,315.0,666.0,-73.939176,40.60665
450,48.0,97200.0,1930,1,100,58.0,5.4,0.0,79.5,0.0,1.4011852640000002,0.0,0.0,0.0,99.802,100.0,857.4,3.0,0,0,316.0,906.0,-73.908194,40.670986
451,98.0,324000.0,1940,1,100,37.7,2.4,0.0,79.5,0.0,1.4011852640000002,0.0,0.0,0.0,99.802,100.0,820.0097860923083,3.0,0,0,313.0,306.0,-73.98577,40.594291
452,73.0,314400.0,1931,1,100,78.9,4.6,0.0,79.5,0.0,1.4011852640000002,0.0,0.0,0.0,99.802,100.0,820.0097860923083,2.0,0,0,306.0,155.0,-73.979287,40.669629
453,59.0,97200.0,1993,1,100,51.8,8.0,0.0,79.5,0.0,1.4011852640000002,0.0,0.0,0.0,99.802,100.0,820.0097860923083,3.0,0,0,316.0,363.0,-73.919594,40.673073
454,73.0,95530.0,1926,1,100,39.6,7.3,0.0,79.5,0.0,1.4011852640000002,0.0,0.0,0.0,99.802,100.0,157.1,2.0,0,0,316.0,900.0,-73.924057,40.666518
455,68.0,46060.0,1995,1,100,57.2,9.2,0.0,79.5,0.0,1.4011852640000002,0.0,0.0,0.0,99.802,100.0,820.0097860923083,2.0,0,0,312.0,496.0,-73.979626,40.64382
506,92.0,144000.0,1973,1,100,47.7,4.1,0.0,79.5,0.0,1.4011852640000002,0.0,0.0,0.0,99.802,100.0,820.0097860923083,3.0,0,0,305.0,1126.0,-73.893754,40.663673
507,92.0,135600.0,1950,1,100,44.6,3.6,0.0,79.5,0.0,1.4011852640000002,0.0,0.0,0.0,99.802,100.0,455.0,3.0,0,0,306.0,135.0,-73.983947,40.672015
509,79.0,94800.0,1907,1,100,57.2,3.1,0.0,79.5,0.0,1.4011852640000002,0.0,0.0,0.0,99.802,100.0,337.7,3.0,0,0,312.0,454.0,-73.965595,40.621565
510,71.0,93600.0,1931,1,100,77.4,3.1,0.0,79.5,0.0,1.4011852640000002,0.0,0.0,0.0,99.802,100.0,1077.9,3.0,0,0,313.0,35602.0,-73.971313,40.578207724799995
511,79.0,124800.0,1931,1,100,55.0,5.1,0.0,79.5,0.0,1.4011852640000002,0.0,0.0,0.0,99.802,100.0,162.9,3.0,0,0,318.0,964.0,-73.908529,40.642545
512,80.0,42000.0,1928,1,100,66.1,4.3,0.0,79.5,0.0,1.4011852640000002,0.0,0.0,0.0,99.802,100.0,89.1,3.0,0,0,312.0,464.0,-73.978822,40.623273
513,80.0,103200.0,1901,1,100,67.8,3.8,0.0,79.5,0.0,1.4011852640000002,0.0,0.0,0.0,99.802,100.0,23.2,3.0,0,0,312.0,224.0,-73.993482,40.641157
514,32.0,118800.0,1909,2,100,91.4,10.5,0.0,79.5,0.0,1.4011852640000002,0.0,0.0,0.0,99.802,100.0,207.6,3.0,0,0,312.0,220.0,-73.999215,40.637322
516,81.0,56400.0,1920,1,100,63.4,4.7,0.0,79.5,0.0,1.4011852640000002,0.0,0.0,0.0,99.802,100.0,557.5,3.0,0,0,307.0,101.0,-74.000652,40.657914
517,52.0,94800.0,1930,1,100,92.5,2.8,0.0,79.5,0.0,1.4011852640000002,0.0,0.0,0.0,99.802,100.0,27.7,3.0,0,0,316.0,918.0,-73.904901,40.659966
518,92.0,128400.0,1920,1,100,52.3,3.2,0.0,79.5,0.0,1.4011852640000002,0.0,0.0,0.0,99.802,100.0,1259.4,3.0,0,0,301.0,485.0,-73.940002,40.708723
519,80.0,129600.0,1925,1,100,58.3,4.5,0.0,79.5,0.0,1.4011852640000002,0.0,0.0,0.0,99.802,100.0,105.4,3.0,0,0,308.0,347.0,-73.927973,40.672762
520,74.0,99600.0,1953,2,100,68.3,4.7,0.0,79.5,0.0,1.4011852640000002,0.0,0.0,0.0,99.802,100.0,30.4,3.0,0,0,305.0,1104.0,-73.890288,40.66051
521,64.0,181200.0,1964,1,100,75.7,4.5,0.0,79.5,0.0,1.4011852640000002,0.0,0.0,0.0,99.802,100.0,3756.0,3.0,0,0,305.0,1118.0,-73.874208,40.670724
522,85.0,130800.0,1925,1,100,65.4,3.0,0.0,79.5,0.0,1.4011852640000002,0.0,0.0,0.0,99.802,100.0,0.0,3.0,0,0,312.0,108.0,-74.000731,40.640545
523,68.0,154800.0,1939,1,100,50.6,4.8,0.0,79.5,0.0,1.4011852640000002,0.0,0.0,0.0,99.802,100.0,442.3,3.0,0,0,317.0,946.0,-73.925948,40.648423
524,87.0,66000.0,1936,1,100,56.7,5.2,0.0,79.5,0.0,1.4011852640000002,0.0,0.0,0.0,99.802,100.0,934.1,3.0,0,0,311.0,258.0,-73.986713,40.612273
525,98.0,228000.0,1912,1,100,35.1,2.8,0.0,79.5,0.0,1.4011852640000002,0.0,0.0,0.0,99.802,100.0,85.4,3.0,0,0,316.0,301.0,-73.915843,40.677805
526,94.0,214109.0,1975,1,100,36.5,5.0,0.0,79.5,0.0,1.4011852640000002,0.0,0.0,0.0,99.802,100.0,2854.6,3.0,0,0,304.0,433.0,-73.915142,40.695362
527,96.0,182400.0,1931,1,100,44.1,3.6,0.0,79.5,0.0,1.4011852640000002,0.0,0.0,0.0,99.802,100.0,611.9,3.0,0,0,313.0,354.0,-73.973122,40.5825
528,80.0,109200.0,1950,1,100,54.1,3.9,0.0,79.5,0.0,1.4011852640000002,0.0,0.0,0.0,99.802,100.0,206.8,3.0,0,0,303.0,281.0,-73.940744,40.694086
529,85.0,111600.0,1966,1,100,60.1,3.0,0.0,79.5,0.0,1.4011852640000002,0.0,0.0,0.0,99.802,100.0,1020.8,3.0,0,0,302.0,21.0,-73.982314,40.701343
530,85.0,189600.0,1968,1,100,52.6,2.0,0.0,79.5,0.0,1.4011852640000002,0.0,0.0,0.0,99.802,100.0,409.9,3.0,0,0,309.0,325.0,-73.959031,40.665035
531,86.0,109200.0,1931,1,100,59.0,4.4,0.0,79.5,0.0,1.4011852640000002,0.0,0.0,0.0,99.802,100.0,820.0097860923083,3.0,0,0,306.0,155.0,-73.977783,40.67146
532,88.0,108000.0,1966,1,100,55.4,3.1,0.0,79.5,0.0,1.4011852640000002,0.0,0.0,0.0,99.802,100.0,3118.6,3.0,0,0,305.0,1134.0,-73.897835,40.668167
533,67.0,108000.0,1966,1,100,47.6,3.9,0.0,79.5,0.0,1.4011852640000002,0.0,0.0,0.0,99.802,100.0,820.0097860923083,3.0,0,0,305.0,1192.0,-73.880337,40.676129
534,78.0,460800.0,1904,1,100,64.5,4.5,0.0,79.5,0.0,1.4011852640000002,0.0,0.0,0.0,99.802,100.0,1870.5,3.0,0,0,314.0,794.0,-73.95855,40.649787
535,93.0,104400.0,1906,1,100,57.6,4.2,0.0,79.5,0.0,1.4011852640000002,0.0,0.0,0.0,99.802,100.0,820.0097860923083,2.0,0,0,303.0,257.0,-73.945042,40.698869
536,62.0,157200.0,1992,1,100,76.4,7.3,0.0,79.5,0.0,1.4011852640000002,0.0,0.0,0.0,99.802,100.0,820.0097860923083,3.0,0,0,309.0,802.0,-73.951583,40.656183
593,79.0,100800.0,1948,1,100,56.4,2.7,0.0,79.5,0.0,1.4011852640000002,0.0,0.0,0.0,99.802,100.0,820.0097860923083,3.0,0,0,303.0,227.0,-73.955338,40.682663
594,98.0,39600.0,1926,1,100,43.7,3.6,0.0,79.5,0.0,1.4011852640000002,0.0,0.0,0.0,99.802,100.0,157.8,3.0,0,0,302.0,41.0,-73.983579,40.687257
595,73.0,122400.0,1959,1,100,59.9,2.8,0.0,79.5,0.0,1.4011852640000002,0.0,0.0,0.0,99.802,100.0,864.3,3.0,0,0,303.0,281.0,-73.941342,40.691037
596,82.0,38400.0,1900,1,100,52.8,3.7,0.0,79.5,0.0,1.4011852640000002,0.0,0.0,0.0,99.802,100.0,5.3,3.0,0,0,301.0,573.0,-73.949649,40.7152691568
597,81.0,121200.0,1964,1,100,62.8,3.3,0.0,79.5,0.0,1.4011852640000002,0.0,0.0,0.0,99.802,100.0,1674.8,3.0,0,0,303.0,379.0,-73.922264,40.680463
598,87.0,186000.0,1940,1,100,52.2,3.1,0.0,79.5,0.0,1.4011852640000002,0.0,0.0,0.0,99.802,100.0,1223.0,3.0,0,0,301.0,505.0,-73.943641,40.709941
599,92.0,110400.0,1954,1,100,50.0,4.3,0.0,79.5,0.0,1.4011852640000002,0.0,0.0,0.0,99.802,100.0,820.0097860923083,3.0,0,0,316.0,912.0,-73.908214,40.667382
600,80.0,134400.0,1906,1,100,59.4,4.1,0.0,79.5,0.0,1.4011852640000002,0.0,0.0,0.0,99.802,100.0,0.0,3.0,0,0,309.0,802.0,-73.953742,40.656046
601,83.0,82800.0,1920,1,100,51.0,4.7,0.0,79.5,0.0,1.4011852640000002,0.0,0.0,0.0,99.802,100.0,123.3,3.0,0,0,311.0,404.0,-73.986139,40.601433
602,68.0,78000.0,1898,1,100,58.8,6.3,0.0,79.5,0.0,1.4011852640000002,0.0,0.0,0.0,99.802,100.0,726.4,3.0,0,0,305.0,96081.99679999948,-73.884063,40.681268
603,51.0,86400.0,1904,1,100,55.2,8.7,0.0,79.5,0.0,1.4011852640000002,0.0,0.0,0.0,99.802,100.0,820.0097860923083,3.0,0,0,301.0,497.0,-73.946108,40.71466
604,87.0,108000.0,1902,1,100,58.9,3.3,0.0,79.5,0.0,1.4011852640000002,0.0,0.0,0.0,99.802,100.0,624.6,3.0,0,0,314.0,1522.0,-73.965523,40.641937
605,90.0,165600.0,1920,1,100,55.8,2.7,0.0,79.5,0.0,1.4011852640000002,0.0,0.0,0.0,99.802,100.0,461.5,3.0,0,0,306.0,63.0,-74.001377,40.68007
606,82.0,64800.0,1928,1,100,53.1,4.2,0.0,79.5,0.0,1.4011852640000002,0.0,0.0,0.0,99.802,100.0,820.0097860923083,3.0,0,0,315.0,556.0,-73.959779,40.601617
607,57.0,81600.0,1908,1,100,77.8,3.3,0.0,79.5,0.0,1.4011852640000002,0.0,0.0,0.0,99.802,100.0,525.8,3.0,0,0,316.0,369.0,-73.908734,40.677415
608,61.0,122400.0,1909,1,100,63.1,3.3,0.0,79.5,0.0,1.4011852640000002,0.0,0.0,0.0,99.802,100.0,3476.9,3.0,0,0,303.0,1237.0,-73.959571,40.695417
609,58.0,102000.0,1908,1,100,53.8,4.1,0.0,79.5,0.0,1.4011852640000002,0.0,0.0,0.0,99.802,100.0,865.8,3.0,0,0,305.0,1150.0,-73.884803,40.672579
621,81.0,106800.0,1930,1,100,61.4,4.0,0.0,79.5,0.0,1.4011852640000002,0.0,0.0,0.0,99.802,100.0,1753.0,3.0,0,0,316.0,924.0,-73.911705,40.665878
622,78.0,93600.0,1910,1,100,71.8,5.0,0.0,79.5,0.0,1.4011852640000002,0.0,0.0,0.0,99.802,100.0,2610.0,3.0,0,0,316.0,303.0,-73.915778,40.675024
623,39.0,93600.0,1930,1,100,108.8,4.3,0.0,79.5,0.0,1.4011852640000002,0.0,0.0,0.0,99.802,100.0,777.5,3.0,0,0,316.0,896.0,-73.913933,40.660204
624,86.0,128400.0,1924,1,100,57.9,3.8,0.0,79.5,0.0,1.4011852640000002,0.0,0.0,0.0,99.802,100.0,1309.1,3.0,0,0,310.0,166.0,-74.012722,40.618676
625,89.0,168000.0,1940,1,100,45.8,3.7,0.0,79.5,0.0,1.4011852640000002,0.0,0.0,0.0,99.802,100.0,52.4,3.0,0,0,318.0,988.0,-73.896212,40.643278
626,41.0,129665.0,1931,1,100,74.0,7.7,0.0,79.5,0.0,1.4011852640000002,0.0,0.0,0.0,99.802,100.0,1455.5,3.0,0,0,317.0,794.0,-73.952821,40.648608
627,81.0,175200.0,1920,1,100,46.8,6.4,0.0,79.5,0.0,1.4011852640000002,0.0,0.0,0.0,99.802,100.0,324.9,3.0,0,0,308.0,311.0,-73.938843,40.675612
628,89.0,297600.0,1940,1,100,48.1,3.6,0.0,79.5,0.0,1.4011852640000002,0.0,0.0,0.0,99.802,100.0,1465.4,3.0,0,0,318.0,990.0,-73.898254,40.641474
629,91.0,218400.0,1903,1,100,49.8,3.7,0.0,79.5,0.0,1.4011852640000002,0.0,0.0,0.0,99.802,100.0,820.0097860923083,3.0,0,0,301.0,519.0,-73.954754,40.715073
630,100.0,231000.0,1940,1,100,18.3,2.7,0.0,79.5,0.0,1.4011852640000002,0.0,0.0,0.0,99.802,100.0,697.9,3.0,0,0,314.0,772.0,-73.952652,40.631798
631,78.0,180000.0,1911,1,100,57.6,5.5,0.0,79.5,0.0,1.4011852640000002,0.0,0.0,0.0,99.802,100.0,555.7,3.0,0,0,305.0,1144.0,-73.89643,40.674135
632,51.0,110400.0,1995,1,100,52.6,8.7,0.0,79.5,0.0,1.4011852640000002,0.0,0.0,0.0,99.802,100.0,202.7,3.0,0,0,307.0,84.0,-74.004743,40.652701
633,28.0,62180.0,1973,1,100,107.2,11.3,0.0,79.5,0.0,1.4011852640000002,0.0,0.0,0.0,99.802,100.0,534.9,3.0,0,0,310.0,160.0,-74.028086,40.619931
634,34.0,48400.0,1911,1,100,95.2,12.2,0.0,79.5,0.0,1.4011852640000002,0.0,0.0,0.0,99.802,100.0,1593.4,2.0,0,0,303.0,375.0,-73.920906,40.688831
635,12.0,25400.0,1920,1,100,111.9,18.0,0.0,79.5,0.0,1.4011852640000002,0.0,0.0,0.0,99.802,100.0,503.0,2.0,0,0,303.0,243.0,-73.954302,40.68538
699,90.0,96000.0,1966,1,100,51.5,4.0,0.0,79.5,0.0,1.4011852640000002,0.0,0.0,0.0,99.802,100.0,44.9,3.0,0,0,306.0,53.0,-74.011558,40.677343
700,85.0,139200.0,1956,1,100,54.4,3.3,0.0,79.5,0.0,1.4011852640000002,0.0,0.0,0.0,99.802,100.0,24.0,3.0,0,0,308.0,205.0,-73.965541,40.678297
701,82.0,31200.0,1925,1,100,57.6,4.9,0.0,79.5,0.0,1.4011852640000002,0.0,0.0,0.0,99.802,100.0,820.0097860923083,3.0,0,0,306.0,153.0,-73.983195,40.668916
702,74.0,96000.0,1925,1,100,66.2,3.6,0.0,79.5,0.0,1.4011852640000002,0.0,0.0,0.0,99.802,100.0,820.0097860923083,3.0,0,0,303.0,241.0,-73.953034,40.693018
703,100.0,133200.0,1957,1,100,19.9,2.2,0.0,79.5,0.0,1.4011852640000002,0.0,0.0,0.0,99.802,100.0,820.0097860923083,3.0,0,0,306.0,77.0,-73.994754,40.680415
704,90.0,130800.0,1965,1,100,47.6,3.1,0.0,79.5,0.0,1.4011852640000002,0.0,0.0,0.0,99.802,100.0,2963.8,2.0,0,0,303.0,289.0,-73.935765,40.693161
705,68.0,136440.0,1933,1,100,62.6,5.8,0.0,79.5,0.0,1.4011852640000002,0.0,0.0,0.0,99.802,100.0,462.1,3.0,0,0,311.0,302.0,-73.991693,40.597863
706,79.0,147600.0,1940,1,100,56.1,5.0,0.0,79.5,0.0,1.4011852640000002,0.0,0.0,0.0,99.802,100.0,504.9,3.0,0,0,318.0,1008.0,-73.897262,40.635015
707,84.0,144000.0,1901,1,100,59.6,4.0,0.0,79.5,0.0,1.4011852640000002,0.0,0.0,0.0,99.802,100.0,218.1,3.0,0,0,307.0,82.0,-74.006862,40.651977
708,62.0,134400.0,1970,1,100,57.1,3.9,0.0,79.5,0.0,1.4011852640000002,0.0,0.0,0.0,99.802,100.0,653.7,3.0,0,0,304.0,425.0,-73.93241,40.701621
709,53.0,111600.0,1971,1,100,73.7,3.1,0.0,79.5,0.0,1.4011852640000002,0.0,0.0,0.0,99.802,100.0,780.8,3.0,0,0,305.0,1158.0,-73.892822,40.669719
710,56.0,67200.0,1905,1,100,58.6,3.9,0.0,79.5,0.0,1.4011852640000002,0.0,0.0,0.0,99.802,100.0,820.0097860923083,3.0,0,0,304.0,437.0,-73.90864,40.693293
711,76.0,52800.0,1920,1,100,53.0,3.9,0.0,79.5,0.0,1.4011852640000002,0.0,0.0,0.0,99.802,100.0,264.0,3.0,0,0,307.0,171.0,-73.97618,40.657472
712,87.0,66000.0,1925,1,100,50.3,4.5,0.0,79.5,0.0,1.4011852640000002,0.0,0.0,0.0,99.802,100.0,820.0097860923083,3.0,0,0,311.0,180.0,-74.007199,40.607234
716,93.0,118800.0,1931,1,100,49.2,3.0,0.0,79.5,0.0,1.4011852640000002,0.0,0.0,0.0,99.802,100.0,820.0097860923083,3.0,0,0,317.0,892.0,-73.926246,40.665565
717,47.0,93600.0,1910,1,100,59.0,6.5,0.0,79.5,0.0,1.4011852640000002,0.0,0.0,0.0,99.802,100.0,820.0097860923083,3.0,0,0,305.0,1128.0,-73.894441,40.662326
718,60.0,56400.0,1948,1,100,65.9,4.4,0.0,79.5,0.0,1.4011852640000002,0.0,0.0,0.0,99.802,100.0,820.0097860923083,3.0,0,0,315.0,620.0,-73.943819,40.579451
719,56.0,80400.0,1931,1,100,58.1,4.6,0.0,79.5,0.0,1.4011852640000002,0.0,0.0,0.0,99.802,100.0,820.0097860923083,3.0,0,0,317.0,836.0,-73.937339,40.63694
720,67.0,122400.0,1929,1,100,62.8,5.0,0.0,79.5,0.0,1.4011852640000002,0.0,0.0,0.0,99.802,100.0,717.4,3.0,0,0,311.0,282.0,-74.001408,40.603188
721,66.0,111600.0,1931,1,100,65.9,5.3,0.0,79.5,0.0,1.4011852640000002,0.0,0.0,0.0,99.802,100.0,820.0097860923083,3.0,0,0,311.0,184.0,-74.006638,40.614159
722,88.0,129600.0,1930,1,100,48.1,4.3,0.0,79.5,0.0,1.4011852640000002,0.0,0.0,0.0,99.802,100.0,820.0097860923083,3.0,0,0,311.0,256.0,-73.987149,40.61527
723,85.0,82800.0,1931,1,100,61.2,3.0,0.0,79.5,0.0,1.4011852640000002,0.0,0.0,0.0,99.802,100.0,820.0097860923083,3.0,0,0,313.0,370.0,-73.96198,40.586845
724,45.0,26510.0,1961,1,100,78.9,7.8,0.0,79.5,0.0,1.4011852640000002,0.0,0.0,0.0,99.802,100.0,110.7,3.0,0,0,317.0,886.0,-73.920368,40.65911
725,50.0,153600.0,1935,1,100,83.3,8.2,0.0,79.5,0.0,1.4011852640000002,0.0,0.0,0.0,99.802,100.0,340.3,3.0,0,0,310.0,206.0,-74.01512,40.62668
726,81.0,157200.0,1930,1,100,62.0,3.3,0.0,79.5,0.0,1.4011852640000002,0.0,0.0,0.0,99.802,100.0,58.8,3.0,0,0,316.0,924.0,-73.910904,40.666545
727,85.0,97200.0,1959,1,100,45.1,3.4,0.0,79.5,0.0,1.4011852640000002,0.0,0.0,0.0,99.802,100.0,476.3,3.0,0,0,304.0,399.0,-73.918152,40.691077
728,47.0,144300.0,1931,1,100,94.1,9.7,0.0,79.5,0.0,1.4011852640000002,0.0,0.0,0.0,99.802,100.0,796.1,3.0,0,0,310.0,70.0,-74.023849,40.637282
729,89.0,339600.0,1965,1,100,57.0,2.7,0.0,79.5,0.0,1.4011852640000002,0.0,0.0,0.0,99.802,100.0,169.5,4.0,0,0,312.0,468.0,-73.981795,40.620446
730,78.0,141600.0,1976,1,100,41.8,3.7,0.0,79.5,0.0,1.4011852640000002,0.0,0.0,0.0,99.802,100.0,4152.0,3.0,0,0,317.0,882.0,-73.926959,40.663559
731,82.0,180000.0,1975,1,100,46.3,5.6,0.0,79.5,0.0,1.4011852640000002,0.0,0.0,0.0,99.802,100.0,0.0,3.0,0,0,308.0,343.0,-73.936924,40.672713
732,74.0,111675.0,1968,1,100,54.6,7.9,0.0,79.5,0.0,1.4011852640000002,0.0,0.0,0.0,99.802,100.0,684.6,2.0,0,0,302.0,191.0,-73.969218,40.695208
790,96.0,115466.0,1906,1,100,41.8,3.2,0.0,79.5,0.0,1.4011852640000002,0.0,0.0,0.0,99.802,100.0,279.8,3.0,0,0,306.0,69.0,-73.990993,40.684524
791,87.0,175200.0,1957,1,100,52.8,3.8,0.0,79.5,0.0,1.4011852640000002,0.0,0.0,0.0,99.802,100.0,820.0097860923083,3.0,0,0,303.0,257.0,-73.946641,40.697152
792,92.0,104400.0,1964,1,100,40.4,3.0,0.0,79.5,0.0,1.4011852640000002,0.0,0.0,0.0,99.802,100.0,890.6,3.0,0,0,302.0,39.0,-73.982639,40.685264
793,90.0,98400.0,1950,1,100,52.2,3.9,0.0,79.5,0.0,1.4011852640000002,0.0,0.0,0.0,99.802,100.0,309.5,2.0,0,0,303.0,277.0,-73.940747,40.686592
794,65.0,90000.0,2001,1,100,62.1,5.3,0.0,79.5,0.0,1.4011852640000002,0.0,0.0,0.0,99.802,100.0,201.8,3.0,0,0,316.0,369.0,-73.910644,40.680318
795,60.0,100800.0,1926,1,100,60.8,2.8,0.0,79.5,0.0,1.4011852640000002,0.0,0.0,0.0,99.802,100.0,719.6,3.0,0,0,309.0,806.0,-73.93994,40.661886
796,85.0,116400.0,1965,1,100,50.4,4.8,0.0,79.5,0.0,1.4011852640000002,0.0,0.0,0.0,99.802,100.0,820.0097860923083,2.0,0,0,304.0,389.0,-73.93834,40.700609
797,99.0,170400.0,1931,1,100,26.4,2.4,0.0,79.5,0.0,1.4011852640000002,0.0,0.0,0.0,99.802,100.0,3.8,3.0,0,0,301.0,485.0,-73.939407,40.705204
798,79.0,93600.0,1925,1,100,54.9,4.2,0.0,79.5,0.0,1.4011852640000002,0.0,0.0,0.0,99.802,100.0,939.6,3.0,0,0,309.0,319.0,-73.949013,40.666181
801,38.0,132000.0,1924,1,100,75.8,7.2,0.0,79.5,0.0,1.4011852640000002,0.0,0.0,0.0,99.802,100.0,672.1,3.0,0,0,314.0,526.0,-73.966558,40.63398
802,88.0,122400.0,1928,1,100,72.3,3.6,0.0,79.5,0.0,1.4011852640000002,0.0,0.0,0.0,99.802,100.0,933.3,3.0,0,0,313.0,61004.0,-73.956329,40.579737
803,37.0,121200.0,1931,1,100,74.4,11.1,0.0,79.5,0.0,1.4011852640000002,0.0,0.0,0.0,99.802,100.0,450.2,3.0,0,0,311.0,170.0,-74.013376,40.610963
804,79.0,146400.0,1931,1,100,60.9,4.4,0.0,79.5,0.0,1.4011852640000002,0.0,0.0,0.0,99.802,100.0,820.0097860923083,3.0,0,0,317.0,880.0,-73.929076,40.65843
805,55.0,104400.0,1929,1,100,61.0,4.5,0.0,79.5,0.0,1.4011852640000002,0.0,0.0,0.0,99.802,100.0,1802.8,3.0,0,0,317.0,814.0,-73.941089,40.654704
806,62.0,84000.0,1937,1,100,68.6,6.4,0.0,79.5,0.0,1.4011852640000002,0.0,0.0,0.0,99.802,100.0,820.0097860923083,3.0,0,0,313.0,364.0,-73.962071,40.579607
807,78.0,91200.0,1950,1,100,64.9,3.5,0.0,79.5,0.0,1.4011852640000002,0.0,0.0,0.0,99.802,100.0,1131.5,3.0,0,0,315.0,558.0,-73.955528,40.604349
808,94.0,170400.0,1960,1,100,48.7,3.2,0.0,79.5,0.0,1.4011852640000002,0.0,0.0,0.0,99.802,100.0,820.0097860923083,3.0,0,0,303.0,269.0,-73.945446,40.681572
809,42.0,87600.0,1953,1,100,67.4,3.9,0.0,79.5,0.0,1.4011852640000002,0.0,0.0,0.0,99.802,100.0,568.2,3.0,0,0,317.0,866.0,-73.928018,40.657131
810,85.0,92480.0,1900,1,100,61.8,5.5,0.0,79.5,0.0,1.4011852640000002,0.0,0.0,0.0,99.802,100.0,63.8,3.0,0,0,306.0,12902.0,-73.976497,40.678983
811,89.0,189600.0,1968,1,100,51.1,4.0,0.0,79.5,0.0,1.4011852640000002,0.0,0.0,0.0,99.802,100.0,820.0097860923083,3.0,0,0,306.0,69.0,-73.993351,40.685419
812,96.0,106800.0,1966,2,100,44.1,3.1,0.0,79.5,0.0,1.4011852640000002,0.0,0.0,0.0,99.802,100.0,820.0097860923083,3.0,0,0,307.0,84.0,-74.005889,40.654293
813,84.0,298800.0,1931,1,100,54.2,4.0,0.0,79.5,0.0,1.4011852640000002,0.0,0.0,0.0,99.802,100.0,1091.4,3.0,0,0,313.0,354.0,-73.967308,40.581681
814,100.0,24000.0,1906,1,100,33.9,1.54862,0.0,79.5,0.0,1.4011852640000002,0.0,0.0,0.0,99.802,100.0,820.0097860923083,2.0,0,0,305.0,1150.0,-73.886636,40.671955
815,96.0,86330.0,1931,1,100,29.9,5.8,0.0,79.5,0.0,1.4011852640000002,0.0,0.0,0.0,99.802,100.0,114.5,3.0,0,0,308.0,305.0,-73.962105,40.678488
816,55.0,115200.0,1998,1,100,61.6,8.9,0.0,79.5,0.0,1.4011852640000002,0.0,0.0,0.0,99.802,100.0,340.3,3.0,0,0,305.0,96081.99679999948,-73.873109,40.689697
817,23.0,110400.0,2000,1,100,84.2,9.7,0.0,79.5,0.0,1.4011852640000002,0.0,0.0,0.0,99.802,100.0,404.4,3.0,0,0,310.0,120.0,-74.009223,40.632379
865,81.0,17340.0,1938,1,100,76.2,4.5,0.0,79.5,0.0,1.4011852640000002,0.0,0.0,0.0,99.802,100.0,820.0097860923083,3.0,0,0,308.0,205.0,-73.965708,40.676068
866,68.0,99600.0,1960,1,100,55.4,4.6,0.0,79.5,0.0,1.4011852640000002,0.0,0.0,0.0,99.802,100.0,556.7,3.0,0,0,302.0,187.0,-73.971165,40.694633
867,100.0,123600.0,1959,1,100,33.4,1.54862,0.0,79.5,0.0,1.4011852640000002,0.0,0.0,0.0,99.802,100.0,0.0,3.0,0,0,318.0,986.0,-73.892264,40.644203
868,73.0,115200.0,1958,1,100,69.9,3.6,0.0,79.5,0.0,1.4011852640000002,0.0,0.0,0.0,99.802,100.0,1787.8,3.0,0,0,308.0,341.0,-73.942639,40.674794
869,93.0,240000.0,1957,1,100,44.5,3.0,0.0,79.5,0.0,1.4011852640000002,0.0,0.0,0.0,99.802,100.0,49.1,3.0,0,0,313.0,366.0,-73.963477,40.582585
870,62.0,13200.0,1969,1,100,37.0,12.6,0.0,79.5,0.0,1.4011852640000002,0.0,0.0,0.0,99.802,100.0,820.0097860923083,1.0,0,0,316.0,363.0,-73.918302,40.671675
871,99.0,27660.0,1925,1,100,31.8,7.6,0.0,79.5,0.0,1.4011852640000002,0.0,0.0,0.0,99.802,100.0,81.7,2.0,0,0,318.0,728.0,-73.922006,40.629877
872,93.0,31110.0,1925,1,100,29.2,8.5,0.0,79.5,0.0,1.4011852640000002,0.0,0.0,0.0,99.802,100.0,111.2,1.0,0,0,301.0,529.0,-73.955611,40.705898
890,87.0,141600.0,1965,1,100,45.2,2.8,0.0,79.5,0.0,1.4011852640000002,0.0,0.0,0.0,99.802,100.0,0.0,3.0,0,0,304.0,401.0,-73.910693,40.686746
891,52.0,187200.0,2002,1,100,65.5,7.7,0.0,79.5,0.0,1.4011852640000002,0.0,0.0,0.0,99.802,100.0,2197.0,3.0,0,0,316.0,900.0,-73.918107,40.665965
892,93.0,13200.0,1972,1,100,39.5,4.3,0.0,79.5,0.0,1.4011852640000002,0.0,0.0,0.0,99.802,100.0,820.0097860923083,2.0,0,0,305.0,1200.0,-73.869147952,40.675831
893,74.0,93600.0,1923,1,100,71.7,4.4,0.0,79.5,0.0,1.4011852640000002,0.0,0.0,0.0,99.802,100.0,820.0097860923083,3.0,0,0,310.0,212.0,-74.004485,40.627784
894,81.0,111600.0,1929,1,100,65.5,2.6,0.0,79.5,0.0,1.4011852640000002,0.0,0.0,0.0,99.802,100.0,482.5,3.0,0,0,318.0,680.0,-73.925989,40.621436
895,72.0,92500.0,1951,1,100,48.5,5.9,0.0,79.5,0.0,1.4011852640000002,0.0,0.0,0.0,99.802,100.0,460.1,3.0,0,0,314.0,506.0,-73.966046,40.64971
896,61.0,85200.0,1953,1,100,63.1,2.8,0.0,79.5,0.0,1.4011852640000002,0.0,0.0,0.0,99.802,100.0,820.0097860923083,3.0,0,0,318.0,982.0,-73.894854,40.654031
897,76.0,274800.0,1924,1,100,65.5,3.8,0.0,79.5,0.0,1.4011852640000002,0.0,0.0,0.0,99.802,100.0,967.0,3.0,0,0,305.0,1156.0,-73.894747,40.667456
898,85.0,176400.0,1982,1,100,51.4,6.4,0.0,79.5,0.0,1.4011852640000002,0.0,0.0,0.0,99.802,100.0,632.1,3.0,0,0,307.0,74.0,-74.018997,40.642121
899,84.0,31000.0,1925,1,100,54.4,2.9,0.0,79.5,0.0,1.4011852640000002,0.0,0.0,0.0,99.802,100.0,163.1,3.0,0,0,314.0,770.0,-73.958303,40.63589
927,75.0,110400.0,1898,1,100,69.0,4.2,0.0,79.5,0.0,1.4011852640000002,0.0,0.0,0.0,99.802,100.0,325.9,3.0,0,0,306.0,59.0,-74.005166,40.677564
928,45.0,75600.0,1908,1,100,71.8,5.9,0.0,79.5,0.0,1.4011852640000002,0.0,0.0,0.0,99.802,100.0,0.5,3.0,0,0,304.0,419.0,-73.920666,40.693313
929,82.0,147600.0,1929,1,100,65.2,3.7,0.0,79.5,0.0,1.4011852640000002,0.0,0.0,0.0,99.802,100.0,202.2,3.0,0,0,311.0,430.0,-73.984661,40.60754
930,89.0,42000.0,1900,1,100,52.8,4.1,0.0,79.5,0.0,1.4011852640000002,0.0,0.0,0.0,99.802,100.0,420.5,3.0,0,0,310.0,206.0,-74.018826,40.624132
931,52.0,128400.0,1925,1,100,65.8,3.2,0.0,79.5,0.0,1.4011852640000002,0.0,0.0,0.0,99.802,100.0,820.0097860923083,3.0,0,0,314.0,546.0,-73.951906,40.612623
932,86.0,130800.0,1925,1,100,52.5,2.5,0.0,79.5,0.0,1.4011852640000002,0.0,0.0,0.0,99.802,100.0,820.0097860923083,3.0,0,0,315.0,59401.0,-73.948946,40.597369
933,87.0,121200.0,1930,1,100,53.1,3.6,0.0,79.5,0.0,1.4011852640000002,0.0,0.0,0.0,99.802,100.0,820.0097860923083,4.0,0,0,305.0,1220.0,-73.869147952,40.664075
934,81.0,96000.0,1959,1,100,63.0,3.1,0.0,79.5,0.0,1.4011852640000002,0.0,0.0,0.0,99.802,100.0,9868.64512000004,3.0,0,0,318.0,974.0,-73.898241,40.645243
935,32.0,73200.0,1938,1,100,77.8,9.7,0.0,79.5,0.0,1.4011852640000002,0.0,0.0,0.0,99.802,100.0,605.3,3.0,0,0,315.0,592.0,-73.951753,40.590423
936,89.0,21660.0,1898,1,100,51.3,2.1,0.0,79.5,0.0,1.4011852640000002,0.0,0.0,0.0,99.802,100.0,820.0097860923083,2.0,0,0,314.0,794.0,-73.957282,40.648585
961,94.0,90000.0,1910,1,100,58.6,3.5,0.0,79.5,0.0,1.4011852640000002,0.0,0.0,0.0,99.802,100.0,54.2,3.0,0,0,312.0,232.0,-73.985955,40.637486
962,78.0,108000.0,1924,1,100,61.9,3.3,0.0,79.5,0.0,1.4011852640000002,0.0,0.0,0.0,99.802,100.0,165.7,3.0,0,0,311.0,424.0,-73.974847,40.608604
963,71.0,145200.0,1930,1,100,64.2,3.4,0.0,79.5,0.0,1.4011852640000002,0.0,0.0,0.0,99.802,100.0,718.1,3.0,0,0,311.0,410.0,-73.976953,40.6013
964,95.0,98400.0,1933,1,100,46.1,2.2,0.0,79.5,0.0,1.4011852640000002,0.0,0.0,0.0,99.802,100.0,820.0097860923083,3.0,0,0,318.0,698.0,-73.912989,40.615998
965,31.0,133200.0,1925,1,100,71.2,16.3,0.0,79.5,0.0,1.4011852640000002,0.0,0.0,0.0,99.802,100.0,387.6,2.0,0,0,302.0,11.0,-73.988853,40.694682
966,99.0,25360.0,1935,1,100,16.6,4.9,0.0,79.5,0.0,1.4011852640000002,0.0,0.0,0.0,99.802,100.0,4763.0,1.0,0,0,310.0,130.0,-74.023249,40.633444
981,30.0,109200.0,1956,1,100,103.2,4.5,0.0,79.5,0.0,1.4011852640000002,0.0,0.0,0.0,99.802,100.0,820.0097860923083,3.0,0,0,303.0,381.0,-73.926597,40.680727
982,93.0,170400.0,1965,1,100,37.5,3.6,0.0,79.5,0.0,1.4011852640000002,0.0,0.0,0.0,99.802,100.0,482.7,3.0,0,0,315.0,608.0,-73.954037,40.583125
983,56.0,115200.0,1930,1,100,69.7,5.2,0.0,79.5,0.0,1.4011852640000002,0.0,0.0,0.0,99.802,100.0,562.5,3.0,0,0,317.0,930.0,-73.91402,40.651022
984,77.0,169200.0,1951,1,100,55.8,2.9,0.0,79.5,0.0,1.4011852640000002,0.0,0.0,0.0,99.802,100.0,820.0097860923083,3.0,0,0,314.0,748.0,-73.946279,40.623561
985,97.0,103200.0,1959,1,100,46.8,5.2,0.0,79.5,0.0,1.4011852640000002,0.0,0.0,0.0,99.802,100.0,1356.0,3.0,0,0,315.0,596.0,-73.9391,40.591109
986,89.0,324000.0,1924,1,100,63.4,3.9,0.0,79.5,0.0,1.4011852640000002,0.0,0.0,0.0,99.802,100.0,187.6,3.0,0,0,309.0,213.0,-73.961695,40.670349
987,92.0,450000.0,1974,1,100,46.3,4.1,0.0,79.5,0.0,1.4011852640000002,0.0,0.0,0.0,99.802,100.0,1167.7,3.0,0,0,314.0,768.0,-73.959285,40.620525
989,57.0,150000.0,2004,1,100,54.5,7.2,0.0,79.5,0.0,1.4011852640000002,0.0,0.0,0.0,99.802,100.0,1922.2,3.0,0,0,317.0,836.0,-73.933582,40.636455
994,75.0,412800.0,1937,1,100,87.7,3.7,0.0,79.5,0.0,1.4011852640000002,0.0,0.0,0.0,99.802,100.0,2968.3,3.0,0,0,305.0,1180.0,-73.869147952,40.691146
1004,88.0,44400.0,1898,1,100,49.8,3.5,0.0,79.5,0.0,1.4011852640000002,0.0,0.0,0.0,99.802,100.0,0.8,3.0,0,0,304.0,431.0,-73.91748,40.700774
1005,83.0,103200.0,1901,1,100,48.0,2.6,0.0,79.5,0.0,1.4011852640000002,0.0,0.0,0.0,99.802,100.0,756.9,3.0,0,0,304.0,445.0,-73.922702,40.703767
1006,83.0,92400.0,1915,1,100,60.0,3.7,0.0,79.5,0.0,1.4011852640000002,0.0,0.0,0.0,99.802,100.0,820.0097860923083,3.0,0,0,312.0,488.0,-73.977642,40.640463
1007,74.0,64800.0,1921,1,100,65.9,2.9,0.0,79.5,0.0,1.4011852640000002,0.0,0.0,0.0,99.802,100.0,9.9,3.0,0,0,310.0,60.0,-74.02897888640001,40.623986
1008,78.0,94800.0,1924,1,100,60.9,3.9,0.0,79.5,0.0,1.4011852640000002,0.0,0.0,0.0,99.802,100.0,257.2,3.0,0,0,314.0,754.0,-73.950473,40.621507
1009,68.0,90000.0,1927,1,100,58.4,3.0,0.0,79.5,0.0,1.4011852640000002,0.0,0.0,0.0,99.802,100.0,820.0097860923083,3.0,0,0,317.0,840.0,-73.931151,40.642031
1010,76.0,110400.0,1938,1,100,69.3,4.1,0.0,79.5,0.0,1.4011852640000002,0.0,0.0,0.0,99.802,100.0,820.0097860923083,3.0,0,0,317.0,886.0,-73.920109,40.658295
1012,64.0,24210.0,1956,1,100,62.0,5.6,0.0,79.5,0.0,1.4011852640000002,0.0,0.0,0.0,99.802,100.0,107.7,2.0,0,0,304.0,425.0,-73.929647,40.702083
1028,96.0,166800.0,1952,1,100,39.1,2.5,0.0,79.5,0.0,1.4011852640000002,0.0,0.0,0.0,99.802,100.0,820.0097860923083,3.0,0,0,315.0,596.0,-73.937672,40.593521
1029,79.0,111600.0,1908,1,100,53.0,3.0,0.0,79.5,0.0,1.4011852640000002,0.0,0.0,0.0,99.802,100.0,502.2,3.0,0,0,301.0,527.0,-73.95465,40.709647
1030,88.0,62400.0,1904,1,100,41.2,4.0,0.0,79.5,0.0,1.4011852640000002,0.0,0.0,0.0,99.802,100.0,172.1,3.0,0,0,318.0,734.0,-73.938265,40.625662
1031,96.0,27600.0,1898,1,100,43.2,4.1,0.0,79.5,0.0,1.4011852640000002,0.0,0.0,0.0,99.802,100.0,86.4,3.0,0,0,302.0,43.0,-73.989132,40.690145
1032,77.0,112800.0,1924,1,100,59.4,5.3,0.0,79.5,0.0,1.4011852640000002,0.0,0.0,0.0,99.802,100.0,820.0097860923083,3.0,0,0,302.0,39.0,-73.980678,40.684504
1033,58.0,81600.0,1993,1,100,60.3,7.8,0.0,79.5,0.0,1.4011852640000002,0.0,0.0,0.0,99.802,100.0,820.0097860923083,3.0,0,0,314.0,794.0,-73.957138,40.64859
1034,56.0,110400.0,1996,1,100,55.9,8.2,0.0,79.5,0.0,1.4011852640000002,0.0,0.0,0.0,99.802,100.0,678.3,3.0,0,0,308.0,305.0,-73.960447,40.676838
1035,89.0,20760.0,1898,1,100,46.9,7.4,0.0,79.5,0.0,1.4011852640000002,0.0,0.0,0.0,99.802,100.0,70.3,2.0,0,0,302.0,11.0,-73.990967,40.690757
1037,87.0,27660.0,1956,1,100,75.6,2.9,0.0,79.5,0.0,1.4011852640000002,0.0,0.0,0.0,99.802,100.0,126.4,3.0,0,0,312.0,110.0,-73.992948,40.642834
1038,16.0,57580.0,1912,1,100,78.1,18.878450000000004,0.0,79.5,0.0,1.4011852640000002,0.0,0.0,0.0,99.802,100.0,557.3,2.0,0,0,309.0,323.0,-73.954972,40.6701
1058,78.0,78080.0,1898,1,100,52.7,3.3,0.0,79.5,0.0,1.4011852640000002,0.0,0.0,0.0,99.802,100.0,669.5,3.0,0,0,317.0,830.0,-73.947253,40.640066
1059,65.0,54000.0,1905,1,100,58.3,5.5,0.0,79.5,0.0,1.4011852640000002,0.0,0.0,0.0,99.802,100.0,820.0097860923083,3.0,0,0,311.0,190.0,-74.000792,40.61978
1060,76.0,102000.0,1966,1,100,53.9,3.1,0.0,79.5,0.0,1.4011852640000002,0.0,0.0,0.0,99.802,100.0,514.5,3.0,0,0,301.0,561.0,-73.95427,40.7152691568
1061,59.0,87600.0,1999,1,100,61.9,7.0,0.0,79.5,0.0,1.4011852640000002,0.0,0.0,0.0,99.802,100.0,270.0,3.0,0,0,315.0,570.0,-73.933499,40.596757
1062,64.0,92400.0,1925,1,100,69.5,5.4,0.0,79.5,0.0,1.4011852640000002,0.0,0.0,0.0,99.802,100.0,1728.9,3.0,0,0,315.0,41401.0,-73.970013,40.602084
1063,90.0,92400.0,1925,1,100,47.2,3.0,0.0,79.5,0.0,1.4011852640000002,0.0,0.0,0.0,99.802,100.0,544.1,3.0,0,0,315.0,37401.0,-73.969964,40.590564
1064,94.0,106925.0,1898,1,100,44.9,2.6,0.0,79.5,0.0,1.4011852640000002,0.0,0.0,0.0,99.802,100.0,27.6,3.0,0,0,304.0,393.0,-73.92814,40.695056
1065,91.0,52980.0,1996,1,100,37.3,4.0,0.0,79.5,0.0,1.4011852640000002,0.0,0.0,0.0,99.802,100.0,285.8,2.0,0,0,317.0,946.0,-73.921558,40.643524
1688,83.0,63600.0,1991,1,100,38.5,5.9,0.0,79.5,0.0,1.4011852640000002,0.0,0.0,0.0,99.802,100.0,820.0097860923083,2.0,0,0,305.0,96081.99679999948,-73.883643,40.645638
1992,69.0,109750.3,1906,1,100,58.9,5.662279254901957,0.0,79.5,0.0,1.4011852640000002,0.0,0.0,0.0,99.802,100.0,664.1,4.0,0,0,302.0,502.0,-73.99238,40.695034
2777,34.0,55627.0,1898,1,100,60.5,10.7,0.0,79.5,0.0,1.4011852640000002,0.0,0.0,0.0,99.802,100.0,135.7,2.0,0,0,303.0,387.0,-73.925754,40.689812
4827,19.0,54000.0,1928,1,100,71.0,12.6,0.0,79.5,0.0,1.4011852640000002,0.0,0.0,0.0,99.802,100.0,820.0097860923083,3.0,0,0,312.0,236.0,-73.990593,40.633057
4829,22.0,47607.0,2006,1,100,79.9,9.8,0.0,79.5,0.0,1.4011852640000002,0.0,0.0,0.0,99.802,100.0,820.0097860923083,3.0,0,0,312.0,236.0,-73.9914,40.633672
4870,48.0,57600.0,1965,1,100,65.4,6.7,0.0,79.5,0.0,1.4011852640000002,0.0,0.0,0.0,99.802,100.0,820.0097860923083,3.0,0,0,312.0,492.0,-73.969658,40.638128
4871,5.0,25504.0,1962,1,100,98.4,14.5,0.0,79.5,0.0,1.4011852640000002,0.0,0.0,0.0,99.802,100.0,820.0097860923083,3.0,0,0,312.0,486.0,-73.978914,40.639418
4898,69.0,143841.0,1950,1,100,41.0,6.7,0.0,79.5,0.0,1.4011852640000002,0.0,0.0,0.0,99.802,100.0,820.0097860923083,4.0,0,0,312.0,456.0,-73.966486,40.62638
4899,42.0,111902.0,1922,1,100,46.5,12.8,0.0,79.5,0.0,1.4011852640000002,0.0,0.0,0.0,99.802,100.0,820.0097860923083,4.0,0,0,314.0,532.0,-73.960269,40.625313
4932,66.0,134650.0,1995,1,100,56.2,8.3,0.0,79.5,0.0,1.4011852640000002,0.0,0.0,0.0,99.802,100.0,820.0097860923083,4.0,0,0,312.0,238.0,-73.992351,40.631344
4994,34.0,31244.6,2004,1,100,72.6,8.7,0.0,79.5,0.0,1.4011852640000002,0.0,0.0,0.0,99.802,100.0,24.5,2.0,0,0,302.0,502.0,-73.991169,40.694699
5049,77.0,74000.0,1998,1,100,46.3,6.7,0.0,79.5,0.0,1.4011852640000002,0.0,0.0,0.0,99.802,100.0,820.0097860923083,3.0,0,0,312.0,472.0,-73.982539,40.625584
5060,5.0,50290.0,2009,1,100,89.0,14.2,0.0,79.5,0.0,1.4011852640000002,0.0,0.0,0.0,99.802,100.0,820.0097860923083,2.0,0,0,305.0,1208.0,-73.869147952,40.668838
5063,22.0,55627.0,2003,1,100,59.6,10.7,0.0,79.5,0.0,1.4011852640000002,0.0,0.0,0.0,99.802,100.0,135.7,2.0,0,0,303.0,387.0,-73.925506,40.689842
5909,90.0,61710.0,2006,1,100,41.2,2.7,0.0,79.5,0.0,1.4011852640000002,0.0,0.0,0.0,99.802,100.0,286.5,2.0,0,0,314.0,512.0,-73.963208,40.645016
5917,20.0,13200.0,1975,1,100,64.2,18.878450000000004,0.0,79.5,0.0,1.4011852640000002,0.0,0.0,0.0,99.802,100.0,71.8,1.0,0,0,301.0,527.0,-73.954217,40.709674
5963,20.0,61075.0,2010,1,100,86.2,15.8,0.0,79.5,0.0,1.4011852640000002,0.0,0.0,0.0,99.802,100.0,233.4,2.0,0,0,305.0,1170.0,-73.886936,40.677697
5981,39.0,13200.0,1973,1,100,56.4,18.5,0.0,79.5,0.0,1.4011852640000002,0.0,0.0,0.0,99.802,100.0,461.2,1.0,0,0,308.0,341.0,-73.945106,40.674029
5998,26.0,65203.0,2005,1,100,75.9,13.5,0.0,79.5,0.0,1.4011852640000002,0.0,0.0,0.0,99.802,100.0,170.8,2.0,0,0,318.0,984.0,-73.892022,40.647323
5999,32.0,133624.0,2009,1,100,74.8,14.5,0.0,79.5,0.0,1.4011852640000002,0.0,0.0,0.0,99.802,100.0,820.0097860923083,2.0,0,0,311.0,428.0,-73.986595,40.60731
6000,67.0,36300.0,2010,1,100,61.5,9.3,0.0,79.5,0.0,1.4011852640000002,0.0,0.0,0.0,99.802,100.0,176.3,2.0,0,0,307.0,72.0,-74.01976,40.639571
6001,32.0,106700.0,2010,1,100,71.0,13.1,0.0,79.5,0.0,1.4011852640000002,0.0,0.0,0.0,99.802,100.0,6783.1,2.0,0,0,311.0,180.0,-74.00806,40.606792
6037,86.0,47300.0,2009,1,100,43.4,3.0,0.0,79.5,0.0,1.4011852640000002,0.0,0.0,0.0,99.802,100.0,31.4,2.0,0,0,306.0,137.0,-73.987787,40.670764
6106,33.0,105825.0,2009,1,100,64.4,13.5,0.0,79.5,0.0,1.4011852640000002,0.0,0.0,0.0,99.802,100.0,1051.8,2.0,0,0,305.0,96081.99679999948,-73.878547,40.687145
6110,48.0,188400.0,2009,1,100,70.7,11.8,0.0,79.5,0.0,1.4011852640000002,0.0,0.0,0.0,99.802,100.0,820.0097860923083,2.0,0,0,307.0,84.0,-74.005197,40.65571
6118,64.0,13200.0,2000,1,100,43.5,13.8,0.0,79.5,0.0,1.4011852640000002,0.0,0.0,0.0,99.802,100.0,820.0097860923083,1.0,0,0,303.0,247.0,-73.945332,40.679398
6119,64.0,13200.0,2000,1,100,36.1,10.6,0.0,79.5,0.0,1.4011852640000002,0.0,0.0,0.0,99.802,100.0,820.0097860923083,1.0,0,0,304.0,411.0,-73.908315,40.687974
6120,87.0,36000.0,2000,1,100,43.1,4.4,0.0,79.5,0.0,1.4011852640000002,0.0,0.0,0.0,99.802,100.0,363.5,2.0,0,0,318.0,650.0,-73.936743,40.620326
6129,5.0,13200.0,2000,1,100,70.3,18.878450000000004,0.0,79.5,0.0,1.4011852640000002,0.0,0.0,0.0,99.802,100.0,820.0097860923083,1.0,0,0,305.0,1156.0,-73.894954,40.668362
6184,62.0,51963.0,2012,1,100,61.2,8.9,0.0,79.5,0.0,1.4011852640000002,0.0,0.0,0.0,99.802,100.0,148.0,2.0,0,0,310.0,120.0,-74.007645,40.632478
6185,28.0,155875.0,2012,1,100,86.4,14.7,0.0,79.5,0.0,1.4011852640000002,0.0,0.0,0.0,99.802,100.0,2032.9,2.0,0,0,305.0,1070.0,-73.874734,40.657434
6623,13.0,74452.0,2012,1,100,109.1,16.5,0.0,79.5,0.0,1.4011852640000002,0.0,0.0,0.0,99.802,100.0,820.0097860923083,2.0,0,0,310.0,60.0,-74.02897888640001,40.620957
6989,83.0,65792.0,1986,1,100,27.2,8.0,0.0,79.5,0.0,1.4011852640000002,0.0,0.0,0.0,99.802,100.0,2137.0,2.0,0,0,312.0,232.0,-73.984979,40.635008
7108,30.0,116278.0,2013,1,100,73.6,13.6,0.0,79.5,0.0,1.4011852640000002,0.0,0.0,0.0,99.802,100.0,1066.6,2.0,0,0,306.0,12901.0,-73.980491,40.680428
7109,15.0,98277.0,2013,1,100,86.5,14.5,0.0,79.5,0.0,1.4011852640000002,0.0,0.0,0.0,99.802,100.0,1086.6,2.0,0,0,310.0,68.0,-74.023948,40.63359
7146,84.0,55200.0,1898,1,100,52.6,3.5,0.0,79.5,0.0,1.4011852640000002,0.0,0.0,0.0,99.802,100.0,245.4,3.0,0,0,302.0,39.0,-73.979649,40.686499
8283,96.0,89296.0,1958,1,100,41.3,3.1,0.0,79.5,0.0,1.4011852640000002,0.0,0.0,0.0,99.802,100.0,820.0097860923083,4.0,0,0,307.0,500.0,-73.978508,40.648404
8856,64.0,77200.0,1972,1,100,88.5,9.7,0.0,79.5,0.0,1.4011852640000002,0.0,0.0,0.0,99.802,100.0,820.0097860923083,3.0,0,0,302.0,11.0,-73.988154,40.692868
8986,63.0,243408.0,1915,2,100,68.6,8.1,0.0,79.5,0.0,1.4011852640000002,0.0,0.0,0.0,99.802,100.0,820.0097860923083,7.705599999999958,0,0,302.0,13.0,-73.986015,40.697254
9290,19.0,106175.0,2015,1,100,97.6,17.0,0.0,79.5,0.0,1.4011852640000002,0.0,0.0,0.0,99.802,100.0,99.0,2.0,0,0,307.0,504.0,-73.973362,40.64759
9312,23.0,34698.0,1922,1,100,76.1,9.5,0.0,79.5,0.0,1.4011852640000002,0.0,0.0,0.0,99.802,100.0,0.3,2.0,0,0,311.0,188.0,-74.001898,40.618718
9486,31.0,65400.0,2007,1,100,49.6,14.5,0.0,79.5,0.0,1.4011852640000002,0.0,0.0,0.0,99.802,100.0,820.0097860923083,1.0,0,0,312.0,226.0,-73.986599,40.641735
9516,5.0,62000.0,1986,1,100,96.0,15.5,0.0,79.5,0.0,1.4011852640000002,0.0,0.0,0.0,99.802,100.0,820.0097860923083,4.0,0,0,312.0,234.0,-73.985816,40.633034
9527,81.0,128131.0,1953,1,100,32.8,5.662279254901957,0.0,79.5,0.0,1.4011852640000002,0.0,0.0,0.0,99.802,100.0,820.0097860923083,7.705599999999958,0,0,311.0,250.0,-73.996181,40.625547
9572,42.0,72000.0,2003,1,100,63.4,8.4,0.0,79.5,0.0,1.4011852640000002,0.0,0.0,0.0,99.802,100.0,820.0097860923083,3.0,0,0,312.0,242.0,-73.990004,40.623672
9748,85.0,58420.0,1969,1,100,40.3,2.2,0.0,79.5,0.0,1.4011852640000002,0.0,0.0,0.0,99.802,100.0,4103.7,2.0,0,0,305.0,1144.0,-73.901487,40.674961
10142,90.0,237223.0,2003,1,100,35.7,5.7,0.0,79.5,0.0,1.4011852640000002,0.0,0.0,0.0,99.802,100.0,820.0097860923083,3.0,0,0,311.0,410.0,-73.972743,40.600594
10344,56.0,41848.0,1922,1,100,45.9,7.8,0.0,79.5,0.0,1.4011852640000002,0.0,0.0,0.0,99.802,100.0,820.0097860923083,3.0,0,0,304.0,419.0,-73.919473,40.695717
10587,91.0,52500.0,1928,1,100,28.5,5.2,0.0,79.5,0.0,1.4011852640000002,0.0,0.0,0.0,99.802,100.0,162.3,2.0,0,0,314.0,794.0,-73.957639,40.648568
10596,96.0,58040.0,1942,1,100,41.2,3.4,0.0,79.5,0.0,1.4011852640000002,0.0,0.0,0.0,99.802,100.0,820.0097860923083,7.0,0,0,317.0,832.0,-73.941625,40.6398
10610,93.0,160500.0,1961,1,100,29.7,5.6,0.0,79.5,0.0,1.4011852640000002,0.0,0.0,0.0,99.802,100.0,897.7,7.0,0,0,310.0,34.0,-74.02897888640001,40.636669
10612,24.0,73400.0,2007,1,100,65.9,14.5,0.0,79.5,0.0,1.4011852640000002,0.0,0.0,0.0,99.802,100.0,820.0097860923083,3.0,0,0,312.0,226.0,-73.986599,40.641735
10793,35.0,193000.0,2009,1,100,55.8,15.0,0.0,79.5,0.0,1.4011852640000002,0.0,0.0,0.0,99.802,100.0,820.0097860923083,2.0,0,0,308.0,313.0,-73.942389,40.677258
10794,40.0,76437.0,1930,1,100,61.0,12.1,0.0,79.5,0.0,1.4011852640000002,0.0,0.0,0.0,99.802,100.0,820.0097860923083,2.0,0,0,302.0,199.0,-73.965762,40.682645
10890,77.0,51096.0,2008,1,100,92.3,11.4,0.0,79.5,0.0,1.4011852640000002,0.0,0.0,0.0,99.802,100.0,820.0097860923083,2.0,0,0,314.0,772.0,-73.9528,40.632441
11076,75.0,98632.0,2014,1,100,59.9,6.3,0.0,79.5,0.0,1.4011852640000002,0.0,0.0,0.0,99.802,100.0,403.9,3.0,0,0,306.0,53.0,-74.009182,40.673531
11082,63.0,52903.0,1962,1,100,60.4,5.2,0.0,79.5,0.0,1.4011852640000002,0.0,0.0,0.0,99.802,100.0,2642.0,4.0,0,0,315.0,598.0,-73.93226,40.586329
11216,92.0,51000.0,1967,1,100,44.9,5.9,0.0,79.5,0.0,1.4011852640000002,0.0,0.0,0.0,99.802,100.0,1988.1,5.0,0,0,312.0,458.0,-73.971183,40.628017
11356,49.0,17000.0,1955,1,100,73.5,4.3,0.0,79.5,0.0,1.4011852640000002,0.0,0.0,0.0,99.802,100.0,938.4,3.0,0,0,307.0,504.0,-73.971966,40.650217
12329,17.0,114961.0,2015,1,100,79.2,11.8,0.0,79.5,0.0,1.4011852640000002,0.0,0.0,0.0,99.802,100.0,450.2,2.0,0,0,312.0,492.0,-73.971032,40.644469
12454,99.0,299000.0,1962,1,80,31.2,1.9,0.0,79.5,0.0,1.4011852640000002,0.0,0.0,0.0,99.802,100.0,1775.1,3.0,0,0,317.0,946.0,-73.922732,40.643889
12985,5.0,45372.0,1988,1,100,82.5,18.878450000000004,0.0,79.5,0.0,1.4011852640000002,0.0,0.0,0.0,99.802,100.0,820.0097860923083,3.0,0,0,311.0,270.0,-73.98921,40.606366
13431,5.0,30560.0,1900,1,100,124.62239999999983,18.878450000000004,0.0,79.5,0.0,1.4011852640000002,0.0,0.0,0.0,99.802,100.0,264.8,4.0,0,0,302.0,11.0,-73.993213,40.692594
15006,46.0,37499.0,1929,1,100,78.2,5.1,0.0,79.5,0.0,1.4011852640000002,0.0,0.0,0.0,99.802,100.0,1386.9,4.0,0,0,301.0,507.0,-73.947814,40.700243
16092,97.0,43317.0,1931,1,100,40.9,3.6,0.0,79.5,0.0,1.4011852640000002,0.0,0.0,0.0,99.802,100.0,820.0097860923083,3.0,0,0,312.0,464.0,-73.977946,40.62465
16191,91.0,60792.0,1973,1,100,31.8,5.5,0.0,79.5,0.0,1.4011852640000002,0.0,0.0,0.0,99.802,100.0,820.0097860923083,3.0,0,0,312.0,470.0,-73.988584,40.626499
16376,37.0,39025.0,1925,1,100,92.3,3.5,0.0,79.5,0.0,1.4011852640000002,0.0,0.0,0.0,99.802,100.0,453.4,7.0,0,0,311.0,400.0,-73.974285,40.599156
16380,79.0,34668.0,1969,1,100,50.6,4.0,0.0,79.5,0.0,1.4011852640000002,0.0,0.0,0.0,99.802,100.0,2467.1,6.0,0,0,301.0,481.0,-73.937387,40.713264
16384,66.0,35502.0,1951,1,100,53.1,5.4,0.0,79.5,0.0,1.4011852640000002,0.0,0.0,0.0,99.802,100.0,196.9,4.0,0,0,315.0,388.0,-73.968638,40.592894
16438,39.0,48000.0,1922,1,100,66.3,10.2,0.0,79.5,0.0,1.4011852640000002,0.0,0.0,0.0,99.802,100.0,820.0097860923083,3.0,0,0,312.0,218.0,-74.001391,40.635865
16439,15.0,37700.0,1977,1,100,124.62239999999983,2.9,0.0,79.5,0.0,1.4011852640000002,0.0,0.0,0.0,99.802,100.0,820.0097860923083,3.0,0,0,312.0,238.0,-73.993371,40.632124
16511,98.0,28000.0,1931,1,100,41.1,2.3,0.0,79.5,0.0,1.4011852640000002,0.0,0.0,0.0,99.802,100.0,107.5,3.0,0,0,310.0,46.0,-74.02897888640001,40.627629
16555,52.0,46140.0,1930,1,100,46.3,5.9,0.0,79.5,0.0,1.4011852640000002,0.0,0.0,0.0,99.802,100.0,113.0,3.0,0,0,316.0,900.0,-73.921883,40.664066
16557,25.0,62500.0,2007,1,100,56.1,12.6,0.0,79.5,0.0,1.4011852640000002,0.0,0.0,0.0,99.802,100.0,820.0097860923083,4.0,0,0,317.0,892.0,-73.921233,40.66213
16604,75.0,47426.0,1962,1,100,100.6,13.0,0.0,79.5,0.0,1.4011852640000002,0.0,0.0,0.0,99.802,100.0,820.0097860923083,3.0,0,0,312.0,232.0,-73.987739,40.635804
16608,96.0,97520.0,2003,1,100,21.1,4.0,0.0,79.5,0.0,1.4011852640000002,0.0,0.0,0.0,99.802,100.0,2587.5,3.0,0,0,312.0,232.0,-73.987689,40.635851
16755,71.0,36577.0,1937,1,100,60.1,3.8,0.0,79.5,0.0,1.4011852640000002,0.0,0.0,0.0,99.802,100.0,213.6,3.0,0,0,309.0,804.0,-73.948688,40.661685
16756,37.0,31874.0,1961,1,100,81.2,5.8,0.0,79.5,0.0,1.4011852640000002,0.0,0.0,0.0,99.802,100.0,820.0097860923083,5.0,0,0,318.0,69602.0,-73.909724,40.619578
16792,76.0,101800.0,2005,1,100,57.5,6.4,0.0,79.5,0.0,1.4011852640000002,0.0,0.0,0.0,99.802,100.0,820.0097860923083,3.0,0,0,309.0,806.0,-73.945959,40.662647
16793,61.0,31504.0,1927,1,100,77.8,7.4,0.0,79.5,0.0,1.4011852640000002,0.0,0.0,0.0,99.802,100.0,820.0097860923083,3.0,0,0,309.0,319.0,-73.9496,40.666214
16974,87.0,34827.0,2013,1,70,70.5,13.1,0.0,79.5,0.0,1.4011852640000002,0.0,0.0,0.0,99.802,100.0,363.0,3.0,0,0,301.0,519.0,-73.953019,40.714913
17174,10.0,36788.0,1974,1,100,124.62239999999983,7.7,0.0,79.5,0.0,1.4011852640000002,0.0,0.0,0.0,99.802,100.0,820.0097860923083,4.0,0,0,301.0,533.0,-73.958454,40.705498
17212,71.0,144946.0,2003,2,100,44.8,6.6,0.0,79.5,0.0,1.4011852640000002,0.0,0.0,0.0,99.802,100.0,2587.5,6.0,0,0,312.0,232.0,-73.988932,40.635845
17214,76.0,33696.0,1955,1,100,93.5,11.5,0.0,79.5,0.0,1.4011852640000002,0.0,0.0,0.0,99.802,100.0,1297.9,3.0,0,0,312.0,236.0,-73.991609,40.63382
17347,95.0,96800.0,1960,1,100,24.8,2.6,0.0,79.5,0.0,1.4011852640000002,0.0,0.0,0.0,99.802,100.0,1094.3,3.0,0,0,315.0,578.0,-73.95284,40.601521
17640,73.0,40879.0,2004,1,100,53.0,7.4,0.0,79.5,0.0,1.4011852640000002,0.0,0.0,0.0,99.802,100.0,820.0097860923083,3.0,0,0,301.0,535.0,-73.959921,40.707005
17695,86.0,28800.0,1933,1,100,37.2,4.3,0.0,79.5,0.0,1.4011852640000002,0.0,0.0,0.0,99.802,100.0,1254.4,3.0,0,0,314.0,480.0,-73.975077,40.629138
17716,7.0,33600.0,2000,1,70,118.4,16.5,0.0,79.5,0.0,1.4011852640000002,0.0,0.0,0.0,99.802,100.0,1293.1,3.0,0,0,312.0,46201.0,-73.976159,40.627046
17718,77.0,29250.0,2010,1,100,62.1,3.5,0.0,79.5,0.0,1.4011852640000002,0.0,0.0,0.0,99.802,100.0,1151.3,3.0,0,0,312.0,46201.0,-73.973276,40.627358
17910,52.0,30100.0,1898,1,100,58.1,7.4,0.0,79.5,0.0,1.4011852640000002,0.0,0.0,0.0,99.802,100.0,1449.7,3.0,0,0,301.0,533.0,-73.957003,40.701128
17933,63.0,36900.0,1930,1,70,47.2,4.7,0.0,79.5,0.0,1.4011852640000002,0.0,0.0,0.0,99.802,100.0,87.5,3.0,0,0,305.0,1186.0,-73.869147952,40.681423
18106,60.0,45000.0,1928,1,100,91.5,5.662279254901957,0.0,79.5,0.0,1.4011852640000002,0.0,0.0,0.0,99.802,100.0,820.0097860923083,2.0,0,0,314.0,794.0,-73.957639,40.648568
18156,63.0,32000.0,1930,1,100,57.0,8.9,0.0,79.5,0.0,1.4011852640000002,0.0,0.0,0.0,99.802,100.0,76.2,3.0,0,0,312.0,110.0,-73.991056,40.644431
18483,41.0,117260.0,2001,1,100,63.8,9.8,0.0,79.5,0.0,1.4011852640000002,0.0,0.0,0.0,99.802,100.0,167.8,4.0,0,0,301.0,485.0,-73.935967,40.703695
18484,61.0,60818.0,2015,1,100,63.3,7.7,0.0,79.5,0.0,1.4011852640000002,0.0,0.0,0.0,99.802,100.0,820.0097860923083,3.0,0,0,318.0,698.0,-73.912141,40.613859
18516,100.0,397118.0,1962,1,100,15.6,1.54862,0.0,79.5,0.0,1.4011852640000002,0.0,0.0,0.0,99.802,100.0,820.0097860923083,7.0,0,0,307.0,1502.0,-73.983115,40.656944
18708,38.0,31931.0,1920,1,100,58.2,7.8,0.0,79.5,0.0,1.4011852640000002,0.0,0.0,0.0,99.802,100.0,528.1,2.0,0,0,307.0,108.0,-74.003856,40.643018
18898,55.0,94560.0,1922,1,80,78.3,2.0,0.0,79.5,0.0,1.4011852640000002,0.0,0.0,0.0,99.802,100.0,405.4,3.0,0,0,309.0,213.0,-73.960231,40.671148
18978,89.0,61148.0,1948,1,100,56.3,7.6,0.0,79.5,0.0,1.4011852640000002,0.0,0.0,0.0,99.802,100.0,820.0097860923083,4.0,0,0,311.0,248.0,-73.99263,40.624186
19079,96.0,58870.0,1930,1,100,28.7,5.0,0.0,79.5,0.0,1.4011852640000002,0.0,0.0,0.0,99.802,100.0,1873.3,7.705599999999958,0,0,303.0,191.0,-73.961107,40.696271
19129,91.0,43228.0,2015,1,90,27.2,4.1,0.0,79.5,0.0,1.4011852640000002,0.0,0.0,0.0,99.802,100.0,570.0,4.0,0,0,303.0,227.0,-73.956673,40.681335
19149,66.0,46675.0,1975,1,100,67.3,7.9,0.0,79.5,0.0,1.4011852640000002,0.0,0.0,0.0,99.802,100.0,820.0097860923083,3.0,0,0,312.0,484.0,-73.972484,40.634874
19158,100.0,40500.0,1922,1,100,31.2,5.9,0.0,79.5,0.0,1.4011852640000002,0.0,0.0,0.0,99.802,100.0,820.0097860923083,4.0,0,0,303.0,1237.0,-73.953721,40.69637
19332,5.0,42032.0,1989,1,100,124.62239999999983,18.878450000000004,0.0,79.5,0.0,1.4011852640000002,0.0,0.0,0.0,99.802,100.0,820.0097860923083,7.0,0,0,309.0,333.0,-73.939345,40.665657
19451,44.0,40479.0,1969,1,100,74.8,6.3,0.0,79.5,0.0,1.4011852640000002,0.0,0.0,0.0,99.802,100.0,820.0097860923083,3.0,0,0,312.0,474.0,-73.980644,40.626284
20370,100.0,25969.0,1931,1,100,15.6,2.7,0.0,79.5,0.0,1.4011852640000002,0.0,0.0,0.0,99.802,100.0,820.0097860923083,3.0,0,0,303.0,241.0,-73.954949,40.693499
20743,99.0,26136.0,2006,1,100,36.8,5.5,0.0,79.5,0.0,1.4011852640000002,0.0,0.0,0.0,99.802,100.0,820.0097860923083,5.0,0,0,311.0,296.0,-73.991116,40.604525
20767,94.0,31600.0,1931,1,100,36.1,4.0,0.0,79.5,0.0,1.4011852640000002,0.0,0.0,0.0,99.802,100.0,9868.64512000004,3.0,0,0,312.0,234.0,-73.985138,40.632647
20933,90.0,44551.0,1930,1,100,32.7,6.7,0.0,79.5,0.0,1.4011852640000002,0.0,0.0,0.0,99.802,100.0,820.0097860923083,3.0,0,0,314.0,772.0,-73.956917,40.628528
20934,96.0,40946.0,2010,1,100,27.9,7.3,0.0,79.5,0.0,1.4011852640000002,0.0,0.0,0.0,99.802,100.0,668.0,3.0,0,0,318.0,738.0,-73.940497,40.623772
20943,100.0,17420.0,1920,1,70,20.7,6.1,0.0,79.5,0.0,1.4011852640000002,0.0,0.0,0.0,99.802,100.0,2028.0,2.0,0,0,302.0,11.0,-73.987065,40.692234
20951,96.0,68160.0,1932,1,100,22.1,5.5,0.0,79.5,0.0,1.4011852640000002,0.0,0.0,0.0,99.802,100.0,642.8,5.0,0,0,302.0,197.0,-73.969586,40.68682
20993,6.0,30615.0,2015,1,100,121.8,17.6,0.0,79.5,0.0,1.4011852640000002,0.0,0.0,0.0,99.802,100.0,820.0097860923083,3.0,0,0,301.0,535.0,-73.961771,40.707357
21004,93.0,30000.0,2004,1,100,41.0,12.0,0.0,79.5,0.0,1.4011852640000002,0.0,0.0,0.0,99.802,100.0,215.7,1.0,0,0,312.0,464.0,-73.976845,40.622029
21055,94.0,26598.0,1931,1,100,30.6,6.9,0.0,79.5,0.0,1.4011852640000002,0.0,0.0,0.0,99.802,100.0,13.6,6.0,0,0,312.0,496.0,-73.98282,40.641403
21336,99.0,47306.0,1931,1,100,15.8,3.3,0.0,79.5,0.0,1.4011852640000002,0.0,0.0,0.0,99.802,100.0,820.0097860923083,5.0,0,0,311.0,250.0,-73.99505,40.623969
21463,66.0,21863.0,1927,1,100,32.3,9.6,0.0,79.5,0.0,1.4011852640000002,0.0,0.0,0.0,99.802,100.0,820.0097860923083,1.0,0,0,311.0,270.0,-73.989866,40.605754
21513,88.0,23665.0,1936,1,100,69.4,2.2,0.0,79.5,0.0,1.4011852640000002,0.0,0.0,0.0,99.802,100.0,170.2,3.0,0,0,310.0,66.0,-74.024888,40.631311
21540,79.0,47122.0,1930,1,100,66.9,8.2,0.0,79.5,0.0,1.4011852640000002,0.0,0.0,0.0,99.802,100.0,673.7,3.0,0,0,309.0,87401.0,-73.938285,40.662347
21582,76.0,34530.0,1993,1,100,54.0,7.7,0.0,79.5,0.0,1.4011852640000002,0.0,0.0,0.0,99.802,100.0,820.0097860923083,3.0,0,0,312.0,470.0,-73.988533,40.628119
21714,82.0,30784.0,1962,1,70,60.1,9.0,0.0,79.5,0.0,1.4011852640000002,0.0,0.0,0.0,99.802,100.0,246.1,3.0,0,0,311.0,410.0,-73.972845,40.599872
21807,40.0,19190.0,1924,1,100,104.8,5.1,0.0,79.5,0.0,1.4011852640000002,0.0,0.0,0.0,99.802,100.0,4102.2,4.0,0,0,312.0,224.0,-73.99096,40.639573
21872,77.0,37000.0,1931,1,100,88.3,10.2,0.0,79.5,0.0,1.4011852640000002,0.0,0.0,0.0,99.802,100.0,2514.5,3.0,0,0,314.0,768.0,-73.962457,40.616988
22601,100.0,31100.0,2000,1,70,15.6,1.54862,0.0,79.5,0.0,1.4011852640000002,0.0,0.0,0.0,99.802,100.0,145.1,4.0,0,0,303.0,277.0,-73.939376,40.6875
22892,97.0,30000.0,1907,1,100,41.2,2.9,0.0,79.5,0.0,1.4011852640000002,0.0,0.0,0.0,99.802,100.0,820.0097860923083,5.0,0,0,301.0,535.0,-73.960824,40.703877
23073,85.0,78856.0,1926,1,100,51.2,2.8,0.0,79.5,0.0,1.4011852640000002,0.0,0.0,0.0,99.802,100.0,820.0097860923083,4.0,0,0,303.0,283.0,-73.93739,40.694679
23496,18.0,25633.0,1966,1,100,117.2,4.7,0.0,79.5,0.0,1.4011852640000002,0.0,0.0,0.0,99.802,100.0,107.6,3.0,0,0,313.0,306.0,-73.987369,40.590852
23497,5.0,34938.0,1987,1,100,124.62239999999983,11.0,0.0,79.5,0.0,1.4011852640000002,0.0,0.0,0.0,99.802,100.0,974.6,3.0,0,0,313.0,314.0,-73.993883,40.587523
23630,91.0,32000.0,1992,1,100,42.2,7.4,0.0,79.5,0.0,1.4011852640000002,0.0,0.0,0.0,99.802,100.0,820.0097860923083,3.0,0,0,318.0,738.0,-73.941354,40.623232
23773,14.0,57651.0,2009,1,100,78.8,10.5,0.0,79.5,0.0,1.4011852640000002,0.0,0.0,0.0,99.802,100.0,820.0097860923083,3.0,0,0,312.0,478.0,-73.982151,40.63425
23948,90.0,460800.0,1969,2,100,53.2,4.6,0.0,79.5,0.0,1.4011852640000002,0.0,0.0,0.0,99.802,100.0,820.0097860923083,6.0,0,0,313.0,308.0,-73.981738,40.589268
23950,89.0,328800.0,1925,2,100,55.0,3.3,0.0,79.5,0.0,1.4011852640000002,0.0,0.0,0.0,99.802,100.0,820.0097860923083,6.0,0,0,309.0,213.0,-73.960675,40.669339
23951,67.0,109200.0,1966,2,100,63.1,5.1,0.0,79.5,0.0,1.4011852640000002,0.0,0.0,0.0,99.802,100.0,820.0097860923083,5.0,0,0,318.0,69602.0,-73.908987,40.621413
23963,5.0,460800.0,1920,3,100,124.62239999999983,10.5,0.0,79.5,0.0,1.4011852640000002,0.0,0.0,0.0,99.802,100.0,9868.64512000004,4.0,0,0,314.0,772.0,-73.952656,40.631691
23995,74.0,302596.0,1955,3,100,66.7,3.2,0.0,79.5,0.0,1.4011852640000002,0.0,0.0,0.0,99.802,100.0,0.0,3.0,0,0,309.0,810.0,-73.942458,40.658893
24014,63.0,210600.0,1913,2,100,79.5,6.4,0.0,79.5,0.0,1.4011852640000002,0.0,0.0,0.0,99.802,100.0,0.0,3.0,0,0,304.0,435.0,-73.91117,40.697185
24015,100.0,343600.0,1967,3,100,21.5,1.7,0.0,79.5,0.0,1.4011852640000002,0.0,0.0,0.0,99.802,100.0,0.0,3.0,0,0,316.0,924.0,-73.912351,40.668475
24016,48.0,322482.0,1941,3,100,96.4,8.4,0.0,79.5,0.0,1.4011852640000002,0.0,0.0,0.0,99.802,100.0,0.0,2.0,0,0,310.0,46.0,-74.02897888640001,40.627898
24017,93.0,166620.0,1962,3,100,43.6,2.2,0.0,79.5,0.0,1.4011852640000002,0.0,0.0,0.0,99.802,100.0,820.0097860923083,3.0,0,0,313.0,342.0,-73.99194,40.578207724799995
24019,93.0,360600.0,1959,2,100,39.7,3.1,0.0,79.5,0.0,1.4011852640000002,0.0,0.0,0.0,99.802,100.0,0.0,3.0,0,0,315.0,626.0,-73.937696,40.594124
24020,86.0,96398.0,1957,3,100,48.1,3.1,0.0,79.5,0.0,1.4011852640000002,0.0,0.0,0.0,99.802,100.0,0.0,3.0,0,0,318.0,1034.0,-73.886412,40.635916
24054,96.0,272935.0,1967,3,100,45.0,3.5,0.0,79.5,0.0,1.4011852640000002,0.0,0.0,0.0,99.802,100.0,0.0,3.0,0,0,307.0,147.0,-73.987637,40.660024
24056,91.0,308840.0,1954,3,100,47.9,3.5,0.0,79.5,0.0,1.4011852640000002,0.0,0.0,0.0,99.802,100.0,0.0,3.0,0,0,303.0,291.0,-73.933697,40.691274
24057,81.0,205560.0,1970,3,100,55.0,3.9,0.0,79.5,0.0,1.4011852640000002,0.0,0.0,0.0,99.802,100.0,0.0,3.0,0,0,305.0,1170.0,-73.883433,40.677104
24073,71.0,118119.0,1966,2,100,46.7,3.5,0.0,79.5,0.0,1.4011852640000002,0.0,0.0,0.0,99.802,100.0,0.0,3.0,0,0,303.0,25901.0,-73.94756,40.69407
24076,68.0,110835.0,1951,2,100,81.3,4.4,0.0,79.5,0.0,1.4011852640000002,0.0,0.0,0.0,99.802,100.0,820.0097860923083,3.0,0,0,302.0,183.0,-73.971376,40.690765
24077,88.0,121800.0,1918,2,100,48.6,3.4,0.0,79.5,0.0,1.4011852640000002,0.0,0.0,0.0,99.802,100.0,820.0097860923083,3.0,0,0,301.0,535.0,-73.961476,40.706023
24078,96.0,115000.0,1969,2,100,39.3,2.1,0.0,79.5,0.0,1.4011852640000002,0.0,0.0,0.0,99.802,100.0,0.0,3.0,0,0,301.0,551.0,-73.963,40.714785
24080,86.0,172800.0,1938,1,100,52.5,4.1,0.0,79.5,0.0,1.4011852640000002,0.0,0.0,0.0,99.802,100.0,820.0097860923083,3.0,0,0,301.0,517.0,-73.953281,40.7152691568
24082,93.0,193300.0,1964,2,100,50.9,3.5,0.0,79.5,0.0,1.4011852640000002,0.0,0.0,0.0,99.802,100.0,0.0,3.0,0,0,304.0,423.0,-73.927481,40.70069
24083,87.0,188837.0,1961,2,100,67.6,2.5,0.0,79.5,0.0,1.4011852640000002,0.0,0.0,0.0,99.802,100.0,0.0,3.0,0,0,304.0,413.0,-73.910276,40.688387
24086,94.0,109553.0,1965,2,100,45.7,3.0,0.0,79.5,0.0,1.4011852640000002,0.0,0.0,0.0,99.802,100.0,0.0,4.0,0,0,316.0,918.0,-73.907355,40.660306
24087,89.0,103568.0,1952,1,100,49.2,2.2,0.0,79.5,0.0,1.4011852640000002,0.0,0.0,0.0,99.802,100.0,0.0,3.0,0,0,305.0,1078.0,-73.879354,40.657922
24088,49.0,113229.0,1927,2,100,67.2,3.4,0.0,79.5,0.0,1.4011852640000002,0.0,0.0,0.0,99.802,100.0,820.0097860923083,3.0,0,0,317.0,886.0,-73.922919,40.659288
24089,94.0,80500.0,1930,2,100,54.5,2.8,0.0,79.5,0.0,1.4011852640000002,0.0,0.0,0.0,99.802,100.0,0.0,3.0,0,0,312.0,498.0,-73.980761,40.645017
24091,86.0,460800.0,1970,1,100,59.3,3.5,0.0,79.5,0.0,1.4011852640000002,0.0,0.0,0.0,99.802,100.0,0.0,4.0,0,0,318.0,950.0,-73.916735,40.633285
24104,82.0,100000.0,1966,2,100,63.5,4.2,0.0,79.5,0.0,1.4011852640000002,0.0,0.0,0.0,99.802,100.0,0.0,3.0,0,0,308.0,215.0,-73.960254,40.674406
24105,83.0,168600.0,1958,2,100,44.2,3.7,0.0,79.5,0.0,1.4011852640000002,0.0,0.0,0.0,99.802,100.0,0.0,2.0,0,0,309.0,329.0,-73.94922,40.664007
24106,88.0,122804.0,1968,2,100,44.0,3.4,0.0,79.5,0.0,1.4011852640000002,0.0,0.0,0.0,99.802,100.0,0.0,3.0,0,0,308.0,307.0,-73.927794,40.674656
24108,91.0,107409.0,1963,2,100,65.6,2.6,0.0,79.5,0.0,1.4011852640000002,0.0,0.0,0.0,99.802,100.0,0.0,3.0,0,0,303.0,385.0,-73.924833,40.688419
24109,84.0,98844.0,1961,2,100,50.5,2.7,0.0,79.5,0.0,1.4011852640000002,0.0,0.0,0.0,99.802,100.0,0.0,3.0,0,0,303.0,297.0,-73.930813,40.683241
24110,80.0,95236.0,1959,2,100,62.2,3.9,0.0,79.5,0.0,1.4011852640000002,0.0,0.0,0.0,99.802,100.0,0.0,3.0,0,0,303.0,257.0,-73.947809,40.697781
24111,97.0,107212.0,1962,2,100,38.1,2.1,0.0,79.5,0.0,1.4011852640000002,0.0,0.0,0.0,99.802,100.0,0.0,3.0,0,0,303.0,265.0,-73.945229,40.686076
24112,92.0,174400.0,1955,2,100,49.4,2.3,0.0,79.5,0.0,1.4011852640000002,0.0,0.0,0.0,99.802,100.0,0.0,3.0,0,0,303.0,235.0,-73.958794,40.692642
24113,61.0,100036.0,1958,2,100,72.1,4.2,0.0,79.5,0.0,1.4011852640000002,0.0,0.0,0.0,99.802,100.0,0.0,3.0,0,0,302.0,199.0,-73.966291,40.685491
24114,91.0,176800.0,1962,2,100,56.5,2.7,0.0,79.5,0.0,1.4011852640000002,0.0,0.0,0.0,99.802,100.0,820.0097860923083,3.0,0,0,302.0,181.0,-73.971009,40.688811
24115,90.0,181800.0,1968,2,100,49.0,3.1,0.0,79.5,0.0,1.4011852640000002,0.0,0.0,0.0,99.802,100.0,0.0,3.0,0,0,301.0,509.0,-73.948869,40.7025
24116,80.0,122783.0,1965,2,100,62.7,3.0,0.0,79.5,0.0,1.4011852640000002,0.0,0.0,0.0,99.802,100.0,820.0097860923083,3.0,0,0,305.0,1104.0,-73.886547,40.655997
24117,77.0,109693.0,1950,2,100,66.6,3.4,0.0,79.5,0.0,1.4011852640000002,0.0,0.0,0.0,99.802,100.0,0.0,2.0,0,0,315.0,600.0,-73.940532,40.58792
24118,57.0,91600.0,1952,2,100,63.6,4.1,0.0,79.5,0.0,1.4011852640000002,0.0,0.0,0.0,99.802,100.0,0.0,4.0,0,0,318.0,722.0,-73.924417,40.632524
24119,88.0,185237.0,1964,2,100,49.1,3.1,0.0,79.5,0.0,1.4011852640000002,0.0,0.0,0.0,99.802,100.0,0.0,3.0,0,0,318.0,956.0,-73.91079,40.635553
24338,17.0,47680.0,1924,1,100,106.2,1.54862,0.0,79.5,0.0,1.4011852640000002,0.0,0.0,0.0,99.802,100.0,820.0097860923083,4.0,0,0,303.0,261.0,-73.946126,40.691972
24428,25.0,28703.0,1987,1,100,100.3,10.3,0.0,79.5,0.0,1.4011852640000002,0.0,0.0,0.0,99.802,100.0,1702.6,5.0,0,0,312.0,240.0,-73.992633,40.628942
24462,35.0,22269.0,1959,1,100,110.4,8.7,0.0,79.5,0.0,1.4011852640000002,0.0,0.0,0.0,99.802,100.0,895.4,3.0,0,0,318.0,698.0,-73.912949,40.616045
24465,74.0,30500.0,2005,1,100,48.0,7.7,0.0,79.5,0.0,1.4011852640000002,0.0,0.0,0.0,99.802,100.0,820.0097860923083,3.0,0,0,312.0,110.0,-73.994944,40.644039
24503,77.0,42000.0,1988,1,100,76.5,6.1,0.0,79.5,0.0,1.4011852640000002,0.0,0.0,0.0,99.802,100.0,820.0097860923083,5.0,0,0,315.0,552.0,-73.955962,40.606652
24565,37.0,152440.0,1917,1,100,82.2,11.2,0.0,79.5,0.0,1.4011852640000002,0.0,0.0,0.0,99.802,100.0,494.7,7.705599999999958,0,0,310.0,152.0,-74.023732,40.612318
24670,60.0,48000.0,1988,1,100,69.7,5.7,0.0,79.5,0.0,1.4011852640000002,0.0,0.0,0.0,99.802,100.0,820.0097860923083,3.0,0,0,312.0,448.0,-73.969609,40.619565
24712,97.0,28000.0,1970,1,100,17.2,5.0,0.0,79.5,0.0,1.4011852640000002,0.0,0.0,0.0,99.802,100.0,820.0097860923083,1.0,0,0,305.0,1126.0,-73.890432,40.665283
25185,55.0,78000.0,1990,1,95,34.1,9.9,0.0,79.5,0.0,1.4011852640000002,0.0,0.0,0.0,99.802,100.0,820.0097860923083,2.0,0,0,301.0,545.0,-73.963396,40.703803
25186,98.0,102000.0,1949,1,95,15.6,4.6,0.0,79.5,0.0,1.4011852640000002,0.0,0.0,0.0,99.802,100.0,820.0097860923083,2.0,0,0,302.0,543.0,-73.968589,40.697039
25491,95.0,94844.0,1990,3,100,25.1,4.2,0.0,79.5,0.0,1.4011852640000002,0.0,0.0,0.0,99.802,100.0,820.0097860923083,6.0,0,0,308.0,217.0,-73.960427,40.673865
25495,100.0,52449.0,1926,3,100,15.6,1.7,0.0,79.5,0.0,1.4011852640000002,0.0,0.0,0.0,99.802,100.0,820.0097860923083,7.0,0,0,305.0,1168.0,-73.88262,40.677671
25505,35.0,26829.0,1967,1,100,81.1,7.3,0.0,79.5,0.0,1.4011852640000002,0.0,0.0,0.0,99.802,100.0,820.0097860923083,5.0,0,0,311.0,172.0,-74.008305,40.610264
25507,93.0,51360.0,1962,2,100,33.9,3.7,0.0,79.5,0.0,1.4011852640000002,0.0,0.0,0.0,99.802,100.0,820.0097860923083,3.0,0,0,317.0,828.0,-73.949275,40.639038
25509,61.0,40703.0,1949,3,100,73.4,2.3,0.0,79.5,0.0,1.4011852640000002,0.0,0.0,0.0,99.802,100.0,354.1,3.0,0,0,317.0,838.0,-73.934982,40.641784
25519,91.0,27070.0,1932,1,100,38.5,1.8,0.0,79.5,0.0,1.4011852640000002,0.0,0.0,0.0,99.802,100.0,820.0097860923083,4.0,0,0,317.0,780.0,-73.940883,40.634417
25520,87.0,56854.0,1913,3,100,44.2,2.3,0.0,79.5,0.0,1.4011852640000002,0.0,0.0,0.0,99.802,100.0,779.0,4.0,0,0,311.0,298.0,-73.990468,40.601656
25538,93.0,35767.0,2015,1,100,37.7,5.7,0.0,79.5,0.0,1.4011852640000002,0.0,0.0,0.0,99.802,100.0,820.0097860923083,4.0,0,0,302.0,69.0,-73.992579,40.687552
25676,79.0,90000.0,1959,1,95,52.1,3.9,0.0,79.5,0.0,1.4011852640000002,0.0,0.0,0.0,99.802,100.0,820.0097860923083,3.0,0,0,301.0,507.0,-73.945361,40.701389
25677,51.0,39984.0,1931,1,95,53.4,6.6,0.0,79.5,0.0,1.4011852640000002,0.0,0.0,0.0,99.802,100.0,820.0097860923083,4.0,0,0,301.0,533.0,-73.956437,40.701495
25678,93.0,111517.0,2015,1,95,43.1,5.6,0.0,79.5,0.0,1.4011852640000002,0.0,0.0,0.0,99.802,100.0,820.0097860923083,3.0,0,0,301.0,507.0,-73.948456,40.701344
25679,97.0,125000.0,1908,1,95,25.8,8.5,0.0,79.5,0.0,1.4011852640000002,0.0,0.0,0.0,99.802,100.0,820.0097860923083,2.0,0,0,301.0,529.0,-73.957202,40.706225
25681,14.0,45457.0,1971,1,95,54.2,15.9,0.0,79.5,0.0,1.4011852640000002,0.0,0.0,0.0,99.802,100.0,820.0097860923083,2.0,0,0,301.0,529.0,-73.952723,40.705142
25682,14.0,36468.0,1982,1,90,106.1,14.9,0.0,79.5,0.0,1.4011852640000002,0.0,0.0,0.0,99.802,100.0,820.0097860923083,3.0,0,0,301.0,539.0,-73.960475,40.703542
25735,40.0,155501.0,1930,1,100,49.1,10.5,0.0,79.5,0.0,1.4011852640000002,0.0,0.0,0.0,99.802,100.0,820.0097860923083,5.0,0,0,316.0,900.0,-73.918122,40.6686
25929,17.0,48000.0,1920,1,95,105.9,15.0,0.0,79.5,0.0,1.4011852640000002,0.0,0.0,0.0,99.802,100.0,1944.4,3.0,0,0,301.0,529.0,-73.952326,40.704785
26018,91.0,150000.0,1910,2,100,29.0,6.6,0.0,79.5,0.0,1.4011852640000002,0.0,0.0,0.0,99.802,100.0,820.0097860923083,3.0,0,0,301.0,537.0,-73.960412,40.700703
26032,72.0,60710.0,1900,1,100,37.4,11.0,0.0,79.5,0.0,1.4011852640000002,0.0,0.0,0.0,99.802,100.0,820.0097860923083,2.0,0,0,302.0,11.0,-73.992287,40.692726
26033,22.0,91270.0,1900,2,100,80.0,15.6,0.0,79.5,0.0,1.4011852640000002,0.0,0.0,0.0,99.802,100.0,264.8,6.0,0,0,302.0,11.0,-73.992287,40.692726
26187,78.0,60500.0,1926,1,70,65.1,2.7,0.0,79.5,0.0,1.4011852640000002,0.0,0.0,0.0,99.802,100.0,820.0097860923083,4.0,0,0,302.0,11.0,-73.985616,40.692162
26283,87.0,33088.0,1930,1,100,59.0,5.5,0.0,79.5,0.0,1.4011852640000002,0.0,0.0,0.0,99.802,100.0,820.0097860923083,3.0,0,0,312.0,230.0,-73.984316,40.63851
26543,61.0,20600.0,1931,1,100,46.6,5.9,0.0,79.5,0.0,1.4011852640000002,0.0,0.0,0.0,99.802,100.0,820.0097860923083,3.0,0,0,311.0,270.0,-73.989866,40.605754
